sale_id,customer_id,product_id,store_id,sale_date,amount,discount_applied,region,data_source,last_updated
1,52,83,24,2025-01-03,334.25,11.76,Europe,CRM_SYSTEM_NEW,2025-07-10 12:13:34
2,44,92,37,2024-07-13,920.51,0.11,Asia,CRM_SYSTEM_NEW,2025-07-10 12:13:34
3,56,27,16,2025-04-30,404.19,5.22,North America,CRM_SYSTEM_NEW,2025-07-10 12:13:34
4,88,93,34,2024-09-01,810.46,7.38,North America,CRM_SYSTEM_NEW,2025-07-10 12:13:34
5,62,81,34,2025-05-20,353.89,5.23,Asia,CRM_SYSTEM_NEW,2025-07-10 12:13:34
6,69,72,46,2025-05-19,695.83,,Europe,CRM_SYSTEM_NEW,2025-07-10 12:13:34
7,21,5,49,2024-12-31,809.56,15.5,North America,CRM_SYSTEM_NEW,2025-07-10 12:13:34
8,100,37,46,2024-12-22,731.84,2.67,North America,CRM_SYSTEM_NEW,2025-07-10 12:13:34
9,9,27,25,2024-07-27,876.8,,Europe,CRM_SYSTEM_NEW,2025-07-10 12:13:34
10,46,49,35,2025-02-05,249.84,19.67,Europe,CRM_SYSTEM_NEW,2025-07-10 12:13:34
11,92,57,47,2025-01-19,769.75,5.98,Europe,CRM_SYSTEM_NEW,2025-07-10 12:13:34
12,46,61,8,2025-05-17,752.55,,Asia,CRM_SYSTEM_NEW,2025-07-10 12:13:34
13,76,64,16,2025-04-17,297.02,15.2,Asia,CRM_SYSTEM_NEW,2025-07-10 12:13:34
14,27,60,5,2025-06-29,733.32,16.74,Asia,CRM_SYSTEM_NEW,2025-07-10 12:13:34
15,43,83,25,2024-10-01,244.29,5.6,Europe,CRM_SYSTEM_NEW,2025-07-10 12:13:34
16,38,82,40,2024-08-10,294.37,4.77,North America,CRM_SYSTEM_NEW,2025-07-10 12:13:34
17,56,30,42,2024-10-25,462.88,,North America,CRM_SYSTEM_NEW,2025-07-10 12:13:34
18,46,48,30,2024-11-24,748.73,7.09,Asia,CRM_SYSTEM_NEW,2025-07-10 12:13:34
19,21,26,20,2024-08-06,322.41,12.44,Asia,CRM_SYSTEM_NEW,2025-07-10 12:13:34
20,14,46,6,2025-03-05,730.26,1.0,Asia,CRM_SYSTEM_NEW,2025-07-10 12:13:34
21,96,59,8,2025-05-08,429.59,,Europe,CRM_SYSTEM_NEW,2025-07-10 12:13:34
22,83,48,42,2025-03-09,527.35,15.42,Europe,CRM_SYSTEM_NEW,2025-07-10 12:13:34
23,92,74,10,2025-04-20,465.49,12.59,Europe,CRM_SYSTEM_NEW,2025-07-10 12:13:34
24,31,10,30,2024-11-27,200.49,16.23,Europe,CRM_SYSTEM_NEW,2025-07-10 12:13:34
25,45,44,1,2024-12-09,378.17,9.08,Asia,CRM_SYSTEM_NEW,2025-07-10 12:13:34
26,36,51,30,2024-11-18,348.05,7.22,Asia,CRM_SYSTEM_NEW,2025-07-10 12:13:34
27,15,39,10,2025-06-09,367.93,15.74,Europe,CRM_SYSTEM_NEW,2025-07-10 12:13:34
28,78,6,49,2024-09-07,383.52,11.41,Asia,CRM_SYSTEM_NEW,2025-07-10 12:13:34
29,46,60,8,2024-08-21,792.85,1.52,Europe,CRM_SYSTEM_NEW,2025-07-10 12:13:34
30,93,51,42,2025-06-08,953.95,17.81,North America,CRM_SYSTEM_NEW,2025-07-10 12:13:34
31,31,42,46,2024-08-08,491.6,,North America,CRM_SYSTEM_NEW,2025-07-10 12:13:34
32,89,65,16,2024-09-14,417.13,11.37,Europe,CRM_SYSTEM_NEW,2025-07-10 12:13:34
33,56,46,2,2024-08-20,773.21,5.31,Europe,CRM_SYSTEM_NEW,2025-07-10 12:13:34
34,57,36,22,2025-06-08,147.38,,Europe,CRM_SYSTEM_NEW,2025-07-10 12:13:34
35,93,65,28,2024-07-29,490.21,4.48,Europe,CRM_SYSTEM_NEW,2025-07-10 12:13:34
36,54,67,48,2024-12-10,136.87,,Europe,CRM_SYSTEM_NEW,2025-07-10 12:13:34
37,5,54,48,2024-09-03,843.48,5.72,Europe,CRM_SYSTEM_NEW,2025-07-10 12:13:34
38,51,57,42,2025-05-14,270.4,16.76,North America,CRM_SYSTEM_NEW,2025-07-10 12:13:34
39,99,99,29,2025-02-26,309.01,4.8,North America,CRM_SYSTEM_NEW,2025-07-10 12:13:34
40,59,38,20,2025-04-18,488.45,6.94,North America,CRM_SYSTEM_NEW,2025-07-10 12:13:34
41,89,54,24,2024-08-14,823.29,17.28,Europe,CRM_SYSTEM_NEW,2025-07-10 12:13:34
42,77,40,9,2024-07-17,902.86,11.44,North America,CRM_SYSTEM_NEW,2025-07-10 12:13:34
43,72,35,28,2025-03-27,972.21,0.83,Asia,CRM_SYSTEM_NEW,2025-07-10 12:13:34
44,14,59,28,2025-05-08,712.46,12.55,North America,CRM_SYSTEM_NEW,2025-07-10 12:13:34
45,18,85,26,2024-10-06,722.61,13.61,Europe,CRM_SYSTEM_NEW,2025-07-10 12:13:34
46,64,57,28,2025-04-28,515.26,10.77,North America,CRM_SYSTEM_NEW,2025-07-10 12:13:34
47,17,57,35,2024-12-03,152.13,12.98,Europe,CRM_SYSTEM_NEW,2025-07-10 12:13:34
48,39,40,20,2025-03-04,406.67,7.29,Europe,CRM_SYSTEM_NEW,2025-07-10 12:13:34
49,19,86,43,2024-11-05,912.22,3.06,Europe,CRM_SYSTEM_NEW,2025-07-10 12:13:34
50,23,82,25,2024-10-17,265.45,,North America,CRM_SYSTEM_NEW,2025-07-10 12:13:34
51,55,95,19,2025-06-16,986.07,,Europe,CRM_SYSTEM_NEW,2025-07-10 12:13:34
52,45,26,20,2025-02-27,407.35,1.83,Asia,CRM_SYSTEM_NEW,2025-07-10 12:13:34
53,100,41,29,2025-05-13,285.88,,Europe,CRM_SYSTEM_NEW,2025-07-10 12:13:34
54,32,71,32,2025-03-09,896.58,0.76,North America,CRM_SYSTEM_NEW,2025-07-10 12:13:34
55,6,27,12,2024-09-07,558.82,10.16,Europe,CRM_SYSTEM_NEW,2025-07-10 12:13:34
56,45,85,14,2024-08-01,269.08,13.11,North America,CRM_SYSTEM_NEW,2025-07-10 12:13:34
57,40,59,19,2025-06-03,605.88,,Europe,CRM_SYSTEM_NEW,2025-07-10 12:13:34
58,41,58,40,2025-02-06,521.65,16.62,Asia,CRM_SYSTEM_NEW,2025-07-10 12:13:34
59,40,6,7,2025-02-25,456.87,0.3,Asia,CRM_SYSTEM_NEW,2025-07-10 12:13:34
60,78,31,49,2025-03-03,225.07,0.35,Asia,CRM_SYSTEM_NEW,2025-07-10 12:13:34
61,55,58,33,2025-01-17,992.16,17.77,Europe,CRM_SYSTEM_NEW,2025-07-10 12:13:34
62,9,25,10,2024-09-24,658.19,13.47,North America,CRM_SYSTEM_NEW,2025-07-10 12:13:34
63,44,52,31,2024-11-01,294.58,19.17,Asia,CRM_SYSTEM_NEW,2025-07-10 12:13:34
64,48,50,29,2024-11-29,99.48,0.06,Europe,CRM_SYSTEM_NEW,2025-07-10 12:13:34
65,65,59,47,2025-01-12,385.27,2.31,North America,CRM_SYSTEM_NEW,2025-07-10 12:13:34
66,75,7,35,2025-05-21,877.82,19.23,North America,CRM_SYSTEM_NEW,2025-07-10 12:13:34
67,84,65,28,2025-06-09,361.48,,Europe,CRM_SYSTEM_NEW,2025-07-10 12:13:34
68,99,52,43,2025-01-30,372.34,,Asia,CRM_SYSTEM_NEW,2025-07-10 12:13:34
69,39,74,10,2024-11-19,624.96,16.61,Europe,CRM_SYSTEM_NEW,2025-07-10 12:13:34
70,70,80,11,2025-01-29,553.52,13.9,Europe,CRM_SYSTEM_NEW,2025-07-10 12:13:34
71,54,45,31,2024-12-17,682.34,13.94,Europe,CRM_SYSTEM_NEW,2025-07-10 12:13:34
72,96,63,32,2025-01-19,125.0,14.94,Asia,CRM_SYSTEM_NEW,2025-07-10 12:13:34
73,10,62,3,2025-03-29,809.5,9.63,Europe,CRM_SYSTEM_NEW,2025-07-10 12:13:34
74,16,77,28,2024-12-12,54.82,1.44,North America,CRM_SYSTEM_NEW,2025-07-10 12:13:34
75,68,54,36,2024-10-16,238.74,2.0,North America,CRM_SYSTEM_NEW,2025-07-10 12:13:34
76,43,47,7,2025-03-01,471.22,17.7,Asia,CRM_SYSTEM_NEW,2025-07-10 12:13:34
77,57,88,38,2024-08-18,202.95,19.83,Asia,CRM_SYSTEM_NEW,2025-07-10 12:13:34
78,2,87,34,2024-09-13,129.16,,Europe,CRM_SYSTEM_NEW,2025-07-10 12:13:34
79,68,2,42,2025-04-10,695.18,12.15,Asia,CRM_SYSTEM_NEW,2025-07-10 12:13:34
80,61,84,15,2024-07-18,333.49,,North America,CRM_SYSTEM_NEW,2025-07-10 12:13:34
81,2,88,38,2025-03-19,236.94,10.47,Europe,CRM_SYSTEM_NEW,2025-07-10 12:13:34
82,67,23,32,2024-11-07,43.9,2.37,Europe,CRM_SYSTEM_NEW,2025-07-10 12:13:34
83,91,94,7,2025-03-14,223.25,19.69,Asia,CRM_SYSTEM_NEW,2025-07-10 12:13:34
84,48,70,10,2024-11-25,882.98,,Asia,CRM_SYSTEM_NEW,2025-07-10 12:13:34
85,7,74,16,2024-11-09,122.67,2.12,Asia,CRM_SYSTEM_NEW,2025-07-10 12:13:34
86,84,80,31,2024-12-24,36.64,16.46,Europe,CRM_SYSTEM_NEW,2025-07-10 12:13:34
87,98,49,40,2025-06-30,32.36,16.23,North America,CRM_SYSTEM_NEW,2025-07-10 12:13:34
88,37,81,31,2024-08-05,621.7,9.7,Europe,CRM_SYSTEM_NEW,2025-07-10 12:13:34
89,100,29,29,2025-05-06,710.85,14.03,Europe,CRM_SYSTEM_NEW,2025-07-10 12:13:34
90,60,81,20,2025-05-31,278.12,3.64,Asia,CRM_SYSTEM_NEW,2025-07-10 12:13:34
91,76,25,16,2024-09-27,563.52,11.34,Europe,CRM_SYSTEM_NEW,2025-07-10 12:13:34
92,41,94,36,2024-09-04,656.66,3.42,Asia,CRM_SYSTEM_NEW,2025-07-10 12:13:34
93,1,43,49,2025-01-22,615.57,19.53,Asia,CRM_SYSTEM_NEW,2025-07-10 12:13:34
94,57,73,24,2025-07-08,393.78,13.57,Asia,CRM_SYSTEM_NEW,2025-07-10 12:13:34
95,93,97,35,2024-08-26,753.23,3.75,Europe,CRM_SYSTEM_NEW,2025-07-10 12:13:34
96,26,57,34,2025-03-08,837.26,1.78,Asia,CRM_SYSTEM_NEW,2025-07-10 12:13:34
97,13,42,9,2025-06-04,300.95,15.23,Europe,CRM_SYSTEM_NEW,2025-07-10 12:13:34
98,79,46,13,2024-12-16,467.28,3.81,Europe,CRM_SYSTEM_NEW,2025-07-10 12:13:34
99,34,75,32,2025-01-05,736.0,12.36,North America,CRM_SYSTEM_NEW,2025-07-10 12:13:34
100,75,42,35,2025-05-13,391.02,17.32,Asia,CRM_SYSTEM_NEW,2025-07-10 12:13:34
101,92,22,13,2025-04-01,947.09,12.95,Asia,CRM_SYSTEM_NEW,2025-07-10 12:13:34
102,96,10,38,2024-08-14,468.29,,North America,CRM_SYSTEM_NEW,2025-07-10 12:13:34
103,40,39,11,2024-11-21,364.36,7.95,Europe,CRM_SYSTEM_NEW,2025-07-10 12:13:34
104,36,21,33,2025-02-17,993.48,5.31,North America,CRM_SYSTEM_NEW,2025-07-10 12:13:34
105,69,32,3,2025-01-05,920.68,1.41,North America,CRM_SYSTEM_NEW,2025-07-10 12:13:34
106,89,35,38,2025-01-21,433.02,9.98,Europe,CRM_SYSTEM_NEW,2025-07-10 12:13:34
107,76,80,49,2025-06-23,106.61,7.33,Asia,CRM_SYSTEM_NEW,2025-07-10 12:13:34
108,79,71,19,2024-08-24,889.22,14.36,Europe,CRM_SYSTEM_NEW,2025-07-10 12:13:34
109,61,30,4,2024-08-24,267.67,4.23,North America,CRM_SYSTEM_NEW,2025-07-10 12:13:34
110,55,14,23,2024-10-14,449.23,7.47,Europe,CRM_SYSTEM_NEW,2025-07-10 12:13:34
111,84,3,14,2024-12-16,740.11,9.14,Europe,CRM_SYSTEM_NEW,2025-07-10 12:13:34
112,2,61,6,2024-11-21,966.17,,North America,CRM_SYSTEM_NEW,2025-07-10 12:13:34
113,40,86,37,2024-12-02,143.67,16.82,Asia,CRM_SYSTEM_NEW,2025-07-10 12:13:34
114,11,40,12,2025-03-14,40.37,,Europe,CRM_SYSTEM_NEW,2025-07-10 12:13:34
115,73,62,16,2024-11-01,427.49,9.28,North America,CRM_SYSTEM_NEW,2025-07-10 12:13:34
116,81,17,40,2025-03-27,178.98,9.9,Asia,CRM_SYSTEM_NEW,2025-07-10 12:13:34
117,1,85,19,2024-08-18,999.83,11.8,North America,CRM_SYSTEM_NEW,2025-07-10 12:13:34
118,7,23,15,2024-09-15,365.12,18.8,Europe,CRM_SYSTEM_NEW,2025-07-10 12:13:34
119,39,87,11,2024-11-09,81.38,11.14,Europe,CRM_SYSTEM_NEW,2025-07-10 12:13:34
120,100,85,4,2024-11-24,422.4,11.66,Europe,CRM_SYSTEM_NEW,2025-07-10 12:13:34
121,88,22,41,2025-04-11,394.87,3.71,Asia,CRM_SYSTEM_NEW,2025-07-10 12:13:34
122,19,20,20,2024-12-27,856.46,15.27,North America,CRM_SYSTEM_NEW,2025-07-10 12:13:34
123,10,80,22,2024-12-27,247.54,19.17,North America,CRM_SYSTEM_NEW,2025-07-10 12:13:34
124,20,69,38,2025-03-03,709.51,13.54,Europe,CRM_SYSTEM_NEW,2025-07-10 12:13:34
125,38,53,40,2024-08-01,739.64,7.17,North America,CRM_SYSTEM_NEW,2025-07-10 12:13:34
126,98,4,36,2025-02-14,429.69,6.11,North America,CRM_SYSTEM_NEW,2025-07-10 12:13:34
127,49,90,46,2024-12-18,210.47,4.9,Asia,CRM_SYSTEM_NEW,2025-07-10 12:13:34
128,15,13,41,2025-04-07,385.96,19.76,Europe,CRM_SYSTEM_NEW,2025-07-10 12:13:34
129,96,56,32,2024-12-22,350.62,,Europe,CRM_SYSTEM_NEW,2025-07-10 12:13:34
130,91,9,24,2024-10-19,225.6,12.57,North America,CRM_SYSTEM_NEW,2025-07-10 12:13:34
131,76,30,18,2025-06-13,449.75,15.03,Europe,CRM_SYSTEM_NEW,2025-07-10 12:13:34
132,55,98,49,2024-07-28,443.42,16.69,North America,CRM_SYSTEM_NEW,2025-07-10 12:13:34
133,26,45,46,2024-08-31,383.17,,Europe,CRM_SYSTEM_NEW,2025-07-10 12:13:34
134,31,30,39,2024-11-28,632.08,16.19,North America,CRM_SYSTEM_NEW,2025-07-10 12:13:34
135,72,76,13,2024-07-20,86.7,0.8,Asia,CRM_SYSTEM_NEW,2025-07-10 12:13:34
136,72,68,29,2025-05-20,940.58,5.96,North America,CRM_SYSTEM_NEW,2025-07-10 12:13:34
137,50,66,28,2025-06-28,143.2,1.93,Asia,CRM_SYSTEM_NEW,2025-07-10 12:13:34
138,39,35,39,2025-06-20,641.63,3.77,Europe,CRM_SYSTEM_NEW,2025-07-10 12:13:34
139,72,32,39,2025-04-11,603.42,5.35,Asia,CRM_SYSTEM_NEW,2025-07-10 12:13:34
140,92,92,43,2024-11-17,416.03,3.91,Europe,CRM_SYSTEM_NEW,2025-07-10 12:13:34
141,31,19,23,2025-02-06,884.65,5.16,Asia,CRM_SYSTEM_NEW,2025-07-10 12:13:34
142,50,61,19,2025-01-02,570.39,1.15,North America,CRM_SYSTEM_NEW,2025-07-10 12:13:34
143,74,80,35,2024-07-12,976.14,11.18,Asia,CRM_SYSTEM_NEW,2025-07-10 12:13:34
144,2,37,39,2024-11-18,584.86,,Asia,CRM_SYSTEM_NEW,2025-07-10 12:13:34
145,64,65,14,2024-12-04,310.02,7.67,North America,CRM_SYSTEM_NEW,2025-07-10 12:13:34
146,68,69,27,2024-12-01,228.3,0.01,North America,CRM_SYSTEM_NEW,2025-07-10 12:13:34
147,47,53,3,2024-09-12,57.34,17.81,North America,CRM_SYSTEM_NEW,2025-07-10 12:13:34
148,17,4,38,2025-05-03,596.55,17.97,Asia,CRM_SYSTEM_NEW,2025-07-10 12:13:34
149,16,5,34,2024-10-23,45.68,7.75,Asia,CRM_SYSTEM_NEW,2025-07-10 12:13:34
150,99,3,20,2024-12-03,778.63,14.32,North America,CRM_SYSTEM_NEW,2025-07-10 12:13:34
151,59,67,21,2025-04-29,843.82,9.91,North America,CRM_SYSTEM_NEW,2025-07-10 12:13:34
152,68,51,43,2024-09-27,794.38,,North America,CRM_SYSTEM_NEW,2025-07-10 12:13:34
153,44,12,26,2025-01-10,953.33,2.67,North America,CRM_SYSTEM_NEW,2025-07-10 12:13:34
154,45,77,1,2025-07-02,823.67,,Asia,CRM_SYSTEM_NEW,2025-07-10 12:13:34
155,26,60,45,2024-09-29,897.81,16.08,Europe,CRM_SYSTEM_NEW,2025-07-10 12:13:34
156,53,6,33,2024-12-22,575.14,3.51,Asia,CRM_SYSTEM_NEW,2025-07-10 12:13:34
157,4,60,43,2024-12-18,959.95,11.11,North America,CRM_SYSTEM_NEW,2025-07-10 12:13:34
158,22,9,41,2024-10-23,745.56,,Asia,CRM_SYSTEM_NEW,2025-07-10 12:13:34
159,67,32,7,2025-04-29,32.14,,Europe,CRM_SYSTEM_NEW,2025-07-10 12:13:34
160,24,88,26,2025-04-16,567.48,5.1,North America,CRM_SYSTEM_NEW,2025-07-10 12:13:34
161,36,80,33,2024-11-04,231.39,,North America,CRM_SYSTEM_NEW,2025-07-10 12:13:34
162,75,36,45,2025-05-04,339.88,6.27,Asia,CRM_SYSTEM_NEW,2025-07-10 12:13:34
163,3,18,13,2025-06-30,212.41,5.66,Asia,CRM_SYSTEM_NEW,2025-07-10 12:13:34
164,39,3,9,2025-04-25,395.88,9.63,Asia,CRM_SYSTEM_NEW,2025-07-10 12:13:34
165,9,70,14,2025-05-14,928.69,6.28,Europe,CRM_SYSTEM_NEW,2025-07-10 12:13:34
166,62,47,24,2024-07-28,346.98,12.33,Asia,CRM_SYSTEM_NEW,2025-07-10 12:13:34
167,53,9,18,2024-10-04,397.74,6.25,Asia,CRM_SYSTEM_NEW,2025-07-10 12:13:34
168,6,33,46,2024-08-08,406.9,12.16,Asia,CRM_SYSTEM_NEW,2025-07-10 12:13:34
169,43,35,39,2024-07-18,759.26,8.05,Europe,CRM_SYSTEM_NEW,2025-07-10 12:13:34
170,31,1,39,2025-06-16,280.19,13.25,Europe,CRM_SYSTEM_NEW,2025-07-10 12:13:34
171,14,14,38,2025-02-09,119.13,1.85,North America,CRM_SYSTEM_NEW,2025-07-10 12:13:34
172,96,85,27,2024-07-14,175.91,,Europe,CRM_SYSTEM_NEW,2025-07-10 12:13:34
173,27,15,22,2025-02-24,799.86,3.85,Europe,CRM_SYSTEM_NEW,2025-07-10 12:13:34
174,40,33,1,2024-12-04,585.13,16.02,Europe,CRM_SYSTEM_NEW,2025-07-10 12:13:34
175,43,50,24,2024-11-08,809.96,8.48,Europe,CRM_SYSTEM_NEW,2025-07-10 12:13:34
176,76,44,18,2024-11-09,372.06,2.25,Europe,CRM_SYSTEM_NEW,2025-07-10 12:13:34
177,67,64,21,2024-10-26,778.11,19.99,Asia,CRM_SYSTEM_NEW,2025-07-10 12:13:34
178,96,85,6,2025-04-05,362.14,10.42,North America,CRM_SYSTEM_NEW,2025-07-10 12:13:34
179,86,22,44,2025-04-03,320.99,5.2,North America,CRM_SYSTEM_NEW,2025-07-10 12:13:34
180,88,6,33,2025-07-06,747.29,1.78,Europe,CRM_SYSTEM_NEW,2025-07-10 12:13:34
181,23,7,6,2024-11-02,755.88,0.56,North America,CRM_SYSTEM_NEW,2025-07-10 12:13:34
182,49,18,35,2025-03-25,77.8,16.53,Asia,CRM_SYSTEM_NEW,2025-07-10 12:13:34
183,42,54,35,2025-03-12,194.43,16.3,Europe,CRM_SYSTEM_NEW,2025-07-10 12:13:34
184,67,22,39,2025-02-24,537.08,18.39,Europe,CRM_SYSTEM_NEW,2025-07-10 12:13:34
185,97,80,11,2024-09-16,10.13,8.39,Europe,CRM_SYSTEM_NEW,2025-07-10 12:13:34
186,76,24,25,2025-02-04,306.58,6.97,North America,CRM_SYSTEM_NEW,2025-07-10 12:13:34
187,86,7,12,2025-02-18,807.93,17.2,Asia,CRM_SYSTEM_NEW,2025-07-10 12:13:34
188,83,3,47,2025-03-26,872.39,4.88,Asia,CRM_SYSTEM_NEW,2025-07-10 12:13:34
189,98,4,33,2024-09-28,811.77,10.8,North America,CRM_SYSTEM_NEW,2025-07-10 12:13:34
190,6,1,49,2025-03-02,520.88,12.34,Asia,CRM_SYSTEM_NEW,2025-07-10 12:13:34
191,2,74,31,2024-07-29,341.06,9.06,North America,CRM_SYSTEM_NEW,2025-07-10 12:13:34
192,92,60,43,2024-12-30,941.25,17.15,Europe,CRM_SYSTEM_NEW,2025-07-10 12:13:34
193,68,1,16,2025-05-29,291.65,6.36,Europe,CRM_SYSTEM_NEW,2025-07-10 12:13:34
194,47,32,3,2025-01-09,474.0,5.72,Europe,CRM_SYSTEM_NEW,2025-07-10 12:13:34
195,32,49,43,2024-10-21,362.37,12.96,North America,CRM_SYSTEM_NEW,2025-07-10 12:13:34
196,64,52,38,2024-10-12,981.23,14.05,North America,CRM_SYSTEM_NEW,2025-07-10 12:13:34
197,35,57,40,2025-06-01,903.46,1.4,North America,CRM_SYSTEM_NEW,2025-07-10 12:13:34
198,75,72,44,2024-09-17,986.98,,Asia,CRM_SYSTEM_NEW,2025-07-10 12:13:34
199,74,65,30,2025-05-31,845.86,13.61,North America,CRM_SYSTEM_NEW,2025-07-10 12:13:34
200,71,5,46,2025-05-20,245.9,2.28,Europe,CRM_SYSTEM_NEW,2025-07-10 12:13:34
201,87,59,15,2024-12-01,516.83,8.95,Europe,CRM_SYSTEM_NEW,2025-07-10 12:13:34
202,13,92,23,2025-01-15,802.63,13.3,Asia,CRM_SYSTEM_NEW,2025-07-10 12:13:34
203,74,35,11,2025-01-24,821.91,12.09,North America,CRM_SYSTEM_NEW,2025-07-10 12:13:34
204,90,15,42,2024-08-14,642.67,9.56,North America,CRM_SYSTEM_NEW,2025-07-10 12:13:34
205,87,78,4,2025-01-16,449.49,15.66,North America,CRM_SYSTEM_NEW,2025-07-10 12:13:34
206,73,26,25,2025-01-17,211.64,16.45,North America,CRM_SYSTEM_NEW,2025-07-10 12:13:34
207,15,13,31,2025-01-07,638.5,4.96,North America,CRM_SYSTEM_NEW,2025-07-10 12:13:34
208,11,84,24,2024-08-28,284.6,7.01,Europe,CRM_SYSTEM_NEW,2025-07-10 12:13:34
209,45,13,18,2025-01-09,329.64,8.06,Asia,CRM_SYSTEM_NEW,2025-07-10 12:13:34
210,83,92,36,2024-08-30,536.58,14.9,Europe,CRM_SYSTEM_NEW,2025-07-10 12:13:34
211,84,15,11,2025-02-07,90.46,8.33,Europe,CRM_SYSTEM_NEW,2025-07-10 12:13:34
212,30,51,6,2024-10-31,634.8,13.87,North America,CRM_SYSTEM_NEW,2025-07-10 12:13:34
213,82,21,13,2025-05-23,674.44,,North America,CRM_SYSTEM_NEW,2025-07-10 12:13:34
214,37,6,2,2024-11-02,246.56,,Asia,CRM_SYSTEM_NEW,2025-07-10 12:13:34
215,16,83,38,2025-01-29,316.95,3.3,Europe,CRM_SYSTEM_NEW,2025-07-10 12:13:34
216,51,94,25,2025-02-21,155.05,10.36,Europe,CRM_SYSTEM_NEW,2025-07-10 12:13:34
217,33,9,16,2025-06-20,460.01,,Europe,CRM_SYSTEM_NEW,2025-07-10 12:13:34
218,97,77,48,2025-06-19,425.53,,Europe,CRM_SYSTEM_NEW,2025-07-10 12:13:34
219,46,79,2,2025-04-24,12.51,15.73,North America,CRM_SYSTEM_NEW,2025-07-10 12:13:34
220,50,34,9,2024-11-11,225.78,,North America,CRM_SYSTEM_NEW,2025-07-10 12:13:34
221,14,75,32,2024-08-16,414.06,,Europe,CRM_SYSTEM_NEW,2025-07-10 12:13:34
222,48,21,31,2025-01-12,804.52,17.52,Europe,CRM_SYSTEM_NEW,2025-07-10 12:13:34
223,75,65,10,2025-01-08,27.91,14.8,North America,CRM_SYSTEM_NEW,2025-07-10 12:13:34
224,55,38,36,2025-03-23,810.14,,Europe,CRM_SYSTEM_NEW,2025-07-10 12:13:34
225,43,56,10,2025-04-06,700.7,18.76,Asia,CRM_SYSTEM_NEW,2025-07-10 12:13:34
226,40,37,42,2025-06-22,941.74,18.9,Asia,CRM_SYSTEM_NEW,2025-07-10 12:13:34
227,73,65,12,2025-06-30,954.71,11.41,North America,CRM_SYSTEM_NEW,2025-07-10 12:13:34
228,29,93,47,2024-11-01,460.0,11.38,North America,CRM_SYSTEM_NEW,2025-07-10 12:13:34
229,14,79,19,2024-10-16,747.07,14.31,Europe,CRM_SYSTEM_NEW,2025-07-10 12:13:34
230,22,22,43,2024-07-14,625.56,17.31,Asia,CRM_SYSTEM_NEW,2025-07-10 12:13:34
231,63,10,14,2024-07-19,796.32,3.48,Asia,CRM_SYSTEM_NEW,2025-07-10 12:13:34
232,57,66,18,2025-05-07,904.64,15.79,Asia,CRM_SYSTEM_NEW,2025-07-10 12:13:34
233,27,29,13,2024-10-13,986.44,18.16,Asia,CRM_SYSTEM_NEW,2025-07-10 12:13:34
234,98,61,41,2025-03-24,489.1,16.83,Europe,CRM_SYSTEM_NEW,2025-07-10 12:13:34
235,33,39,3,2025-01-17,907.52,6.73,Europe,CRM_SYSTEM_NEW,2025-07-10 12:13:34
236,51,23,11,2024-11-01,678.4,16.7,Asia,CRM_SYSTEM_NEW,2025-07-10 12:13:34
237,91,63,5,2024-08-02,301.17,10.31,North America,CRM_SYSTEM_NEW,2025-07-10 12:13:34
238,1,13,9,2024-10-02,435.61,4.19,Europe,CRM_SYSTEM_NEW,2025-07-10 12:13:34
239,74,46,30,2025-03-11,878.17,0.86,Europe,CRM_SYSTEM_NEW,2025-07-10 12:13:34
240,67,74,26,2024-11-04,460.15,,Europe,CRM_SYSTEM_NEW,2025-07-10 12:13:34
241,9,73,17,2025-02-26,848.43,9.07,Asia,CRM_SYSTEM_NEW,2025-07-10 12:13:34
242,77,72,48,2024-12-11,225.67,13.57,North America,CRM_SYSTEM_NEW,2025-07-10 12:13:34
243,84,67,26,2025-02-19,532.35,17.26,Europe,CRM_SYSTEM_NEW,2025-07-10 12:13:34
244,32,67,7,2024-07-13,441.58,2.29,Asia,CRM_SYSTEM_NEW,2025-07-10 12:13:34
245,15,83,34,2025-05-07,63.53,8.6,North America,CRM_SYSTEM_NEW,2025-07-10 12:13:34
246,78,70,22,2025-04-14,853.5,14.95,Europe,CRM_SYSTEM_NEW,2025-07-10 12:13:34
247,37,87,33,2025-06-08,269.17,5.58,Europe,CRM_SYSTEM_NEW,2025-07-10 12:13:34
248,28,13,20,2025-06-30,341.22,14.78,North America,CRM_SYSTEM_NEW,2025-07-10 12:13:34
249,66,19,10,2024-07-21,645.18,,North America,CRM_SYSTEM_NEW,2025-07-10 12:13:34
250,9,90,36,2025-06-02,845.11,7.14,Asia,CRM_SYSTEM_NEW,2025-07-10 12:13:34
251,39,81,45,2025-06-15,650.3,,North America,CRM_SYSTEM_NEW,2025-07-10 12:13:34
252,60,76,36,2025-05-26,592.11,5.1,Asia,CRM_SYSTEM_NEW,2025-07-10 12:13:34
253,38,35,7,2025-07-08,598.61,,Asia,CRM_SYSTEM_NEW,2025-07-10 12:13:34
254,9,72,38,2024-08-01,897.11,2.11,Asia,CRM_SYSTEM_NEW,2025-07-10 12:13:34
255,28,39,5,2024-10-01,66.12,,Asia,CRM_SYSTEM_NEW,2025-07-10 12:13:34
256,46,33,36,2025-05-06,463.58,6.97,North America,CRM_SYSTEM_NEW,2025-07-10 12:13:34
257,9,19,23,2025-01-22,738.14,11.42,North America,CRM_SYSTEM_NEW,2025-07-10 12:13:34
258,87,48,40,2024-10-29,870.05,13.3,Europe,CRM_SYSTEM_NEW,2025-07-10 12:13:34
259,30,18,35,2024-09-13,482.01,4.11,Asia,CRM_SYSTEM_NEW,2025-07-10 12:13:34
260,4,33,26,2025-05-10,820.8,2.39,North America,CRM_SYSTEM_NEW,2025-07-10 12:13:34
261,82,97,39,2024-12-02,360.3,9.6,Asia,CRM_SYSTEM_NEW,2025-07-10 12:13:34
262,63,65,44,2025-04-09,783.51,1.05,North America,CRM_SYSTEM_NEW,2025-07-10 12:13:34
263,72,37,34,2025-04-25,917.23,,Europe,CRM_SYSTEM_NEW,2025-07-10 12:13:34
264,31,35,36,2024-08-05,876.81,2.56,North America,CRM_SYSTEM_NEW,2025-07-10 12:13:34
265,70,53,14,2025-06-25,56.2,13.23,Asia,CRM_SYSTEM_NEW,2025-07-10 12:13:34
266,20,53,33,2024-11-29,199.41,6.42,North America,CRM_SYSTEM_NEW,2025-07-10 12:13:34
267,37,67,17,2025-05-09,770.19,1.5,North America,CRM_SYSTEM_NEW,2025-07-10 12:13:34
268,93,81,31,2024-08-10,273.57,,North America,CRM_SYSTEM_NEW,2025-07-10 12:13:34
269,62,73,48,2024-07-22,870.19,8.98,Asia,CRM_SYSTEM_NEW,2025-07-10 12:13:34
270,55,55,46,2025-01-29,407.67,17.33,Europe,CRM_SYSTEM_NEW,2025-07-10 12:13:34
271,93,26,38,2024-08-11,907.96,,Asia,CRM_SYSTEM_NEW,2025-07-10 12:13:34
272,9,65,41,2025-01-28,90.62,,Asia,CRM_SYSTEM_NEW,2025-07-10 12:13:34
273,74,4,3,2025-02-25,53.24,13.62,Asia,CRM_SYSTEM_NEW,2025-07-10 12:13:34
274,62,29,22,2024-11-12,472.0,8.07,Asia,CRM_SYSTEM_NEW,2025-07-10 12:13:34
275,27,67,16,2025-02-21,632.69,14.33,North America,CRM_SYSTEM_NEW,2025-07-10 12:13:34
276,42,31,40,2025-02-05,997.02,,Asia,CRM_SYSTEM_NEW,2025-07-10 12:13:34
277,28,85,27,2024-12-11,884.21,5.46,Europe,CRM_SYSTEM_NEW,2025-07-10 12:13:34
278,6,58,45,2024-12-28,862.55,6.53,Europe,CRM_SYSTEM_NEW,2025-07-10 12:13:34
279,78,93,48,2024-09-06,880.43,18.34,North America,CRM_SYSTEM_NEW,2025-07-10 12:13:34
280,38,6,25,2025-01-13,661.52,4.94,Asia,CRM_SYSTEM_NEW,2025-07-10 12:13:34
281,2,10,47,2024-07-14,658.05,11.87,Asia,CRM_SYSTEM_NEW,2025-07-10 12:13:34
282,90,63,39,2024-09-13,485.94,2.74,North America,CRM_SYSTEM_NEW,2025-07-10 12:13:34
283,50,23,29,2024-12-06,123.99,8.91,Asia,CRM_SYSTEM_NEW,2025-07-10 12:13:34
284,37,63,24,2025-03-27,505.85,3.22,North America,CRM_SYSTEM_NEW,2025-07-10 12:13:34
285,80,93,44,2024-07-31,647.03,11.51,North America,CRM_SYSTEM_NEW,2025-07-10 12:13:34
286,72,80,44,2025-04-22,206.12,6.79,North America,CRM_SYSTEM_NEW,2025-07-10 12:13:34
287,14,85,20,2025-01-18,644.83,14.19,North America,CRM_SYSTEM_NEW,2025-07-10 12:13:34
288,74,80,17,2025-02-14,587.98,19.21,North America,CRM_SYSTEM_NEW,2025-07-10 12:13:34
289,44,7,47,2025-05-11,53.89,11.18,North America,CRM_SYSTEM_NEW,2025-07-10 12:13:34
290,89,97,41,2024-12-20,872.75,17.49,North America,CRM_SYSTEM_NEW,2025-07-10 12:13:34
291,54,48,19,2025-05-21,107.85,9.89,Asia,CRM_SYSTEM_NEW,2025-07-10 12:13:34
292,54,71,7,2025-04-06,222.56,13.35,Asia,CRM_SYSTEM_NEW,2025-07-10 12:13:34
293,39,61,37,2024-12-16,493.84,7.5,Europe,CRM_SYSTEM_NEW,2025-07-10 12:13:34
294,21,3,38,2025-02-23,516.98,,North America,CRM_SYSTEM_NEW,2025-07-10 12:13:34
295,16,45,29,2025-03-23,113.27,17.14,Asia,CRM_SYSTEM_NEW,2025-07-10 12:13:34
296,65,19,14,2025-04-26,637.84,,Europe,CRM_SYSTEM_NEW,2025-07-10 12:13:34
297,20,19,37,2024-08-03,972.18,0.05,North America,CRM_SYSTEM_NEW,2025-07-10 12:13:34
298,20,74,11,2025-06-26,339.33,3.1,North America,CRM_SYSTEM_NEW,2025-07-10 12:13:34
299,84,92,18,2024-09-22,598.77,9.59,Europe,CRM_SYSTEM_NEW,2025-07-10 12:13:34
300,86,90,6,2024-10-25,112.28,6.96,Europe,CRM_SYSTEM_NEW,2025-07-10 12:13:34
301,19,8,24,2025-04-21,318.57,3.1,Asia,CRM_SYSTEM_NEW,2025-07-10 12:13:34
302,78,19,12,2024-09-05,11.41,1.43,Europe,CRM_SYSTEM_NEW,2025-07-10 12:13:34
303,13,54,11,2024-10-21,848.71,,Europe,CRM_SYSTEM_NEW,2025-07-10 12:13:34
304,96,66,18,2025-06-18,58.72,,Asia,CRM_SYSTEM_NEW,2025-07-10 12:13:34
305,42,57,14,2024-11-06,659.68,,Europe,CRM_SYSTEM_NEW,2025-07-10 12:13:34
306,16,63,45,2024-12-27,383.44,19.66,North America,CRM_SYSTEM_NEW,2025-07-10 12:13:34
307,47,28,47,2025-06-28,400.31,10.12,North America,CRM_SYSTEM_NEW,2025-07-10 12:13:34
308,5,5,9,2025-05-09,162.21,1.06,Asia,CRM_SYSTEM_NEW,2025-07-10 12:13:34
309,75,87,22,2025-03-31,600.25,16.87,Asia,CRM_SYSTEM_NEW,2025-07-10 12:13:34
310,69,46,8,2025-04-12,649.32,6.23,Europe,CRM_SYSTEM_NEW,2025-07-10 12:13:34
311,58,70,35,2025-05-17,716.32,16.62,Europe,CRM_SYSTEM_NEW,2025-07-10 12:13:34
312,25,65,45,2025-01-24,136.48,,North America,CRM_SYSTEM_NEW,2025-07-10 12:13:34
313,74,98,4,2025-06-29,359.69,1.03,North America,CRM_SYSTEM_NEW,2025-07-10 12:13:34
314,96,52,36,2025-04-17,659.41,16.96,North America,CRM_SYSTEM_NEW,2025-07-10 12:13:34
315,42,94,37,2024-10-07,478.66,17.53,Europe,CRM_SYSTEM_NEW,2025-07-10 12:13:34
316,74,18,36,2024-10-28,14.47,1.04,North America,CRM_SYSTEM_NEW,2025-07-10 12:13:34
317,49,35,3,2024-10-26,683.31,17.25,Europe,CRM_SYSTEM_NEW,2025-07-10 12:13:34
318,49,48,46,2025-04-25,136.79,18.33,Asia,CRM_SYSTEM_NEW,2025-07-10 12:13:34
319,69,70,21,2024-07-26,763.08,0.79,North America,CRM_SYSTEM_NEW,2025-07-10 12:13:34
320,100,48,22,2025-04-13,559.9,,North America,CRM_SYSTEM_NEW,2025-07-10 12:13:34
321,13,84,21,2025-06-20,492.56,,North America,CRM_SYSTEM_NEW,2025-07-10 12:13:34
322,81,73,4,2024-09-05,625.28,11.49,Europe,CRM_SYSTEM_NEW,2025-07-10 12:13:34
323,95,68,36,2024-10-18,472.95,9.25,North America,CRM_SYSTEM_NEW,2025-07-10 12:13:34
324,97,30,33,2025-06-18,136.32,18.39,Europe,CRM_SYSTEM_NEW,2025-07-10 12:13:34
325,60,5,31,2025-01-01,836.63,,Europe,CRM_SYSTEM_NEW,2025-07-10 12:13:34
326,90,68,29,2024-07-15,168.49,15.06,Asia,CRM_SYSTEM_NEW,2025-07-10 12:13:34
327,73,8,46,2024-11-29,308.49,19.59,Asia,CRM_SYSTEM_NEW,2025-07-10 12:13:34
328,47,56,29,2024-09-11,581.45,16.28,North America,CRM_SYSTEM_NEW,2025-07-10 12:13:34
329,76,49,36,2025-06-30,502.73,4.76,North America,CRM_SYSTEM_NEW,2025-07-10 12:13:34
330,3,73,29,2025-02-08,726.11,5.42,North America,CRM_SYSTEM_NEW,2025-07-10 12:13:34
331,43,5,32,2025-02-03,124.76,17.34,North America,CRM_SYSTEM_NEW,2025-07-10 12:13:34
332,18,74,48,2024-11-19,469.34,7.92,Asia,CRM_SYSTEM_NEW,2025-07-10 12:13:34
333,67,2,16,2024-08-16,85.5,12.77,Europe,CRM_SYSTEM_NEW,2025-07-10 12:13:34
334,92,12,31,2025-06-07,819.6,,Asia,CRM_SYSTEM_NEW,2025-07-10 12:13:34
335,10,46,39,2024-11-22,178.59,10.21,Asia,CRM_SYSTEM_NEW,2025-07-10 12:13:34
336,100,71,20,2024-09-28,617.82,4.0,Asia,CRM_SYSTEM_NEW,2025-07-10 12:13:34
337,35,37,8,2025-06-25,812.99,19.71,North America,CRM_SYSTEM_NEW,2025-07-10 12:13:34
338,61,17,20,2025-03-03,584.91,,Europe,CRM_SYSTEM_NEW,2025-07-10 12:13:34
339,74,30,25,2025-01-14,423.0,15.94,Europe,CRM_SYSTEM_NEW,2025-07-10 12:13:34
340,65,17,9,2024-10-30,309.18,8.49,Asia,CRM_SYSTEM_NEW,2025-07-10 12:13:34
341,13,29,25,2025-02-16,947.33,10.6,North America,CRM_SYSTEM_NEW,2025-07-10 12:13:34
342,44,30,40,2024-09-13,627.66,5.39,North America,CRM_SYSTEM_NEW,2025-07-10 12:13:34
343,17,96,31,2025-05-06,914.71,9.58,Asia,CRM_SYSTEM_NEW,2025-07-10 12:13:34
344,24,84,11,2025-02-12,899.21,8.41,North America,CRM_SYSTEM_NEW,2025-07-10 12:13:34
345,55,66,19,2024-10-10,788.98,7.88,North America,CRM_SYSTEM_NEW,2025-07-10 12:13:34
346,58,27,5,2024-07-30,881.66,10.04,North America,CRM_SYSTEM_NEW,2025-07-10 12:13:34
347,45,7,28,2025-01-15,290.56,17.26,Asia,CRM_SYSTEM_NEW,2025-07-10 12:13:34
348,53,93,9,2024-10-02,121.15,9.82,Europe,CRM_SYSTEM_NEW,2025-07-10 12:13:34
349,75,65,22,2025-02-01,519.46,,Asia,CRM_SYSTEM_NEW,2025-07-10 12:13:34
350,15,18,31,2025-04-17,767.9,15.77,Asia,CRM_SYSTEM_NEW,2025-07-10 12:13:34
351,17,58,40,2024-08-27,867.36,2.14,Europe,CRM_SYSTEM_NEW,2025-07-10 12:13:34
352,74,29,44,2025-02-17,41.58,1.05,North America,CRM_SYSTEM_NEW,2025-07-10 12:13:34
353,55,6,41,2024-07-14,509.63,8.72,Asia,CRM_SYSTEM_NEW,2025-07-10 12:13:34
354,78,48,36,2025-05-02,549.81,4.53,Asia,CRM_SYSTEM_NEW,2025-07-10 12:13:34
355,88,98,3,2024-11-06,114.78,6.31,Asia,CRM_SYSTEM_NEW,2025-07-10 12:13:34
356,85,42,38,2024-11-01,131.95,9.03,North America,CRM_SYSTEM_NEW,2025-07-10 12:13:34
357,25,20,45,2025-01-02,422.53,15.44,North America,CRM_SYSTEM_NEW,2025-07-10 12:13:34
358,6,15,18,2025-01-30,297.01,18.78,North America,CRM_SYSTEM_NEW,2025-07-10 12:13:34
359,11,74,18,2025-03-20,404.51,7.4,Asia,CRM_SYSTEM_NEW,2025-07-10 12:13:34
360,49,15,11,2024-08-16,630.93,3.07,Europe,CRM_SYSTEM_NEW,2025-07-10 12:13:34
361,49,71,35,2024-09-07,855.3,8.91,North America,CRM_SYSTEM_NEW,2025-07-10 12:13:34
362,30,10,6,2024-11-21,565.74,,North America,CRM_SYSTEM_NEW,2025-07-10 12:13:34
363,5,68,47,2024-10-27,62.47,0.68,Asia,CRM_SYSTEM_NEW,2025-07-10 12:13:34
364,35,48,11,2024-12-28,813.12,5.4,Asia,CRM_SYSTEM_NEW,2025-07-10 12:13:34
365,1,70,46,2025-01-25,256.47,,Asia,CRM_SYSTEM_NEW,2025-07-10 12:13:34
366,48,7,8,2025-04-09,885.13,8.48,Asia,CRM_SYSTEM_NEW,2025-07-10 12:13:34
367,73,90,29,2024-07-14,257.8,19.75,North America,CRM_SYSTEM_NEW,2025-07-10 12:13:34
368,40,65,19,2024-08-19,204.81,9.49,Asia,CRM_SYSTEM_NEW,2025-07-10 12:13:34
369,24,81,49,2025-05-29,996.91,1.88,North America,CRM_SYSTEM_NEW,2025-07-10 12:13:34
370,99,77,35,2025-03-29,861.32,0.3,Europe,CRM_SYSTEM_NEW,2025-07-10 12:13:34
371,66,31,6,2025-01-08,502.68,17.39,Asia,CRM_SYSTEM_NEW,2025-07-10 12:13:34
372,1,82,5,2024-12-13,965.59,5.69,Asia,CRM_SYSTEM_NEW,2025-07-10 12:13:34
373,96,80,9,2024-12-15,72.29,7.71,Europe,CRM_SYSTEM_NEW,2025-07-10 12:13:34
374,13,3,21,2024-12-25,294.54,9.16,North America,CRM_SYSTEM_NEW,2025-07-10 12:13:34
375,9,23,19,2025-02-02,922.0,,Europe,CRM_SYSTEM_NEW,2025-07-10 12:13:34
376,44,46,20,2025-01-20,287.81,4.6,Europe,CRM_SYSTEM_NEW,2025-07-10 12:13:34
377,16,5,21,2024-11-24,422.99,17.41,Asia,CRM_SYSTEM_NEW,2025-07-10 12:13:34
378,80,56,42,2025-01-04,97.55,,Asia,CRM_SYSTEM_NEW,2025-07-10 12:13:34
379,71,2,23,2024-12-07,220.52,9.64,Europe,CRM_SYSTEM_NEW,2025-07-10 12:13:34
380,8,88,10,2025-02-21,801.07,,Europe,CRM_SYSTEM_NEW,2025-07-10 12:13:34
381,47,98,28,2025-06-15,640.64,16.79,North America,CRM_SYSTEM_NEW,2025-07-10 12:13:34
382,42,56,48,2025-03-20,630.8,5.08,North America,CRM_SYSTEM_NEW,2025-07-10 12:13:34
383,42,1,8,2025-02-04,907.68,8.38,Europe,CRM_SYSTEM_NEW,2025-07-10 12:13:34
384,37,79,45,2025-04-02,501.26,,Europe,CRM_SYSTEM_NEW,2025-07-10 12:13:34
385,33,24,15,2025-04-26,633.0,10.17,Asia,CRM_SYSTEM_NEW,2025-07-10 12:13:34
386,43,21,11,2024-09-16,329.75,,Europe,CRM_SYSTEM_NEW,2025-07-10 12:13:34
387,49,41,7,2025-06-18,216.71,8.22,Europe,CRM_SYSTEM_NEW,2025-07-10 12:13:34
388,47,74,7,2025-03-02,715.22,19.69,Europe,CRM_SYSTEM_NEW,2025-07-10 12:13:34
389,25,33,28,2024-11-28,707.38,7.34,Asia,CRM_SYSTEM_NEW,2025-07-10 12:13:34
390,64,14,20,2025-07-03,134.95,6.62,Asia,CRM_SYSTEM_NEW,2025-07-10 12:13:34
391,94,67,44,2025-05-27,120.98,14.16,North America,CRM_SYSTEM_NEW,2025-07-10 12:13:34
392,96,4,47,2024-09-30,654.52,17.85,Asia,CRM_SYSTEM_NEW,2025-07-10 12:13:34
393,67,55,2,2025-06-24,717.67,3.24,Europe,CRM_SYSTEM_NEW,2025-07-10 12:13:34
394,80,61,26,2024-08-04,923.54,,North America,CRM_SYSTEM_NEW,2025-07-10 12:13:34
395,65,51,2,2025-04-04,487.43,,North America,CRM_SYSTEM_NEW,2025-07-10 12:13:34
396,50,66,8,2024-11-04,949.52,,Asia,CRM_SYSTEM_NEW,2025-07-10 12:13:34
397,13,95,16,2024-08-30,898.03,8.63,North America,CRM_SYSTEM_NEW,2025-07-10 12:13:34
398,64,35,10,2025-05-12,994.07,10.83,North America,CRM_SYSTEM_NEW,2025-07-10 12:13:34
399,93,38,17,2024-10-23,254.97,,Europe,CRM_SYSTEM_NEW,2025-07-10 12:13:34
400,41,53,49,2025-02-23,829.14,,North America,CRM_SYSTEM_NEW,2025-07-10 12:13:34
401,36,78,48,2024-08-09,352.17,6.81,North America,CRM_SYSTEM_NEW,2025-07-10 12:13:34
402,59,18,6,2025-02-25,532.36,11.45,Asia,CRM_SYSTEM_NEW,2025-07-10 12:13:34
403,76,18,1,2025-01-11,285.6,6.19,North America,CRM_SYSTEM_NEW,2025-07-10 12:13:34
404,94,82,43,2024-12-28,945.71,17.87,Asia,CRM_SYSTEM_NEW,2025-07-10 12:13:34
405,25,39,19,2024-10-24,971.42,11.64,Europe,CRM_SYSTEM_NEW,2025-07-10 12:13:34
406,12,96,2,2025-04-28,922.2,3.38,Asia,CRM_SYSTEM_NEW,2025-07-10 12:13:34
407,92,87,43,2024-11-23,298.97,14.69,Europe,CRM_SYSTEM_NEW,2025-07-10 12:13:34
408,42,85,9,2024-08-30,303.61,16.97,North America,CRM_SYSTEM_NEW,2025-07-10 12:13:34
409,93,30,41,2024-09-21,12.96,2.5,Asia,CRM_SYSTEM_NEW,2025-07-10 12:13:34
410,18,45,16,2024-08-08,624.83,2.54,North America,CRM_SYSTEM_NEW,2025-07-10 12:13:34
411,67,63,32,2024-12-18,446.19,0.36,Europe,CRM_SYSTEM_NEW,2025-07-10 12:13:34
412,25,66,36,2024-12-29,737.28,,Asia,CRM_SYSTEM_NEW,2025-07-10 12:13:34
413,64,51,33,2025-02-13,67.03,4.54,Europe,CRM_SYSTEM_NEW,2025-07-10 12:13:34
414,6,7,25,2024-07-22,545.68,8.62,Europe,CRM_SYSTEM_NEW,2025-07-10 12:13:34
415,58,85,15,2025-07-05,473.62,3.74,North America,CRM_SYSTEM_NEW,2025-07-10 12:13:34
416,97,83,19,2024-08-20,583.43,9.02,Asia,CRM_SYSTEM_NEW,2025-07-10 12:13:34
417,47,54,28,2025-01-15,888.25,18.95,North America,CRM_SYSTEM_NEW,2025-07-10 12:13:34
418,15,15,7,2024-11-26,264.1,17.12,North America,CRM_SYSTEM_NEW,2025-07-10 12:13:34
419,67,58,43,2024-07-13,284.32,,Europe,CRM_SYSTEM_NEW,2025-07-10 12:13:34
420,78,40,45,2024-12-30,218.93,2.85,North America,CRM_SYSTEM_NEW,2025-07-10 12:13:34
421,74,62,48,2025-01-30,24.17,8.49,Asia,CRM_SYSTEM_NEW,2025-07-10 12:13:34
422,54,84,11,2024-11-30,946.18,9.84,Asia,CRM_SYSTEM_NEW,2025-07-10 12:13:34
423,85,93,47,2025-02-14,677.22,,North America,CRM_SYSTEM_NEW,2025-07-10 12:13:34
424,89,96,40,2025-04-21,392.11,12.21,Asia,CRM_SYSTEM_NEW,2025-07-10 12:13:34
425,78,95,10,2024-10-01,125.2,19.95,Asia,CRM_SYSTEM_NEW,2025-07-10 12:13:34
426,7,33,14,2025-06-14,745.56,16.14,Europe,CRM_SYSTEM_NEW,2025-07-10 12:13:34
427,35,49,47,2025-06-09,314.13,4.27,Europe,CRM_SYSTEM_NEW,2025-07-10 12:13:34
428,8,62,34,2025-01-01,722.95,9.76,Asia,CRM_SYSTEM_NEW,2025-07-10 12:13:34
429,31,45,9,2025-03-03,802.03,,Europe,CRM_SYSTEM_NEW,2025-07-10 12:13:34
430,35,99,9,2024-10-31,987.79,18.21,Asia,CRM_SYSTEM_NEW,2025-07-10 12:13:34
431,60,20,44,2025-03-07,640.99,,North America,CRM_SYSTEM_NEW,2025-07-10 12:13:34
432,54,55,21,2024-08-06,355.14,1.33,Asia,CRM_SYSTEM_NEW,2025-07-10 12:13:34
433,10,47,48,2025-04-30,437.18,3.48,Asia,CRM_SYSTEM_NEW,2025-07-10 12:13:34
434,50,80,24,2024-12-12,325.34,18.68,Asia,CRM_SYSTEM_NEW,2025-07-10 12:13:34
435,2,54,13,2025-06-01,925.66,19.47,Asia,CRM_SYSTEM_NEW,2025-07-10 12:13:34
436,60,76,11,2025-05-04,767.21,,Europe,CRM_SYSTEM_NEW,2025-07-10 12:13:34
437,70,37,20,2025-05-19,361.11,19.93,Europe,CRM_SYSTEM_NEW,2025-07-10 12:13:34
438,75,32,36,2024-09-17,239.73,,North America,CRM_SYSTEM_NEW,2025-07-10 12:13:34
439,93,33,3,2024-11-10,14.67,0.8,Europe,CRM_SYSTEM_NEW,2025-07-10 12:13:34
440,92,93,17,2024-08-25,764.73,6.55,North America,CRM_SYSTEM_NEW,2025-07-10 12:13:34
441,74,82,27,2025-01-25,179.83,0.12,Europe,CRM_SYSTEM_NEW,2025-07-10 12:13:34
442,96,24,4,2024-11-13,882.13,17.37,North America,CRM_SYSTEM_NEW,2025-07-10 12:13:34
443,92,67,42,2024-12-21,787.51,,Asia,CRM_SYSTEM_NEW,2025-07-10 12:13:34
444,17,70,39,2024-12-11,569.67,,North America,CRM_SYSTEM_NEW,2025-07-10 12:13:34
445,86,33,7,2025-03-08,544.15,,Europe,CRM_SYSTEM_NEW,2025-07-10 12:13:34
446,69,26,36,2025-02-09,989.35,0.46,North America,CRM_SYSTEM_NEW,2025-07-10 12:13:34
447,35,44,14,2024-12-17,275.65,17.76,Asia,CRM_SYSTEM_NEW,2025-07-10 12:13:34
448,82,35,5,2025-06-18,742.81,2.56,Europe,CRM_SYSTEM_NEW,2025-07-10 12:13:34
449,17,40,13,2024-11-18,833.5,12.48,Europe,CRM_SYSTEM_NEW,2025-07-10 12:13:34
450,4,74,4,2025-02-13,601.39,1.92,Asia,CRM_SYSTEM_NEW,2025-07-10 12:13:34
451,49,68,32,2024-09-08,902.98,4.07,Asia,CRM_SYSTEM_NEW,2025-07-10 12:13:34
452,64,74,42,2025-06-28,175.45,10.49,Europe,CRM_SYSTEM_NEW,2025-07-10 12:13:34
453,95,68,42,2024-08-21,470.84,16.5,Europe,CRM_SYSTEM_NEW,2025-07-10 12:13:34
454,78,2,2,2024-10-11,508.63,11.3,Asia,CRM_SYSTEM_NEW,2025-07-10 12:13:34
455,31,98,11,2024-08-15,508.81,4.29,Asia,CRM_SYSTEM_NEW,2025-07-10 12:13:34
456,17,29,31,2025-05-11,194.94,,Europe,CRM_SYSTEM_NEW,2025-07-10 12:13:34
457,2,67,1,2024-08-31,560.32,5.33,North America,CRM_SYSTEM_NEW,2025-07-10 12:13:34
458,2,89,37,2025-06-27,838.81,,Asia,CRM_SYSTEM_NEW,2025-07-10 12:13:34
459,76,1,7,2024-08-09,801.67,5.91,North America,CRM_SYSTEM_NEW,2025-07-10 12:13:34
460,17,44,14,2025-06-01,416.14,,Asia,CRM_SYSTEM_NEW,2025-07-10 12:13:34
461,77,68,41,2024-10-13,963.18,,Europe,CRM_SYSTEM_NEW,2025-07-10 12:13:34
462,59,68,36,2025-05-27,792.18,15.07,Europe,CRM_SYSTEM_NEW,2025-07-10 12:13:34
463,47,83,15,2025-04-16,438.45,,Asia,CRM_SYSTEM_NEW,2025-07-10 12:13:34
464,83,29,5,2025-03-20,572.34,8.46,North America,CRM_SYSTEM_NEW,2025-07-10 12:13:34
465,98,2,37,2025-05-12,405.54,19.01,North America,CRM_SYSTEM_NEW,2025-07-10 12:13:34
466,41,85,33,2024-07-24,573.61,1.08,Europe,CRM_SYSTEM_NEW,2025-07-10 12:13:34
467,88,39,42,2025-04-15,149.77,9.18,Europe,CRM_SYSTEM_NEW,2025-07-10 12:13:34
468,24,56,8,2024-07-24,257.52,5.95,Europe,CRM_SYSTEM_NEW,2025-07-10 12:13:34
469,19,32,20,2024-09-01,69.92,19.89,North America,CRM_SYSTEM_NEW,2025-07-10 12:13:34
470,32,23,47,2025-05-18,150.39,8.23,Europe,CRM_SYSTEM_NEW,2025-07-10 12:13:34
471,21,25,5,2024-11-04,827.32,5.12,Europe,CRM_SYSTEM_NEW,2025-07-10 12:13:34
472,14,16,14,2024-08-24,976.3,1.52,North America,CRM_SYSTEM_NEW,2025-07-10 12:13:34
473,66,35,5,2025-01-28,757.87,,Europe,CRM_SYSTEM_NEW,2025-07-10 12:13:34
474,16,84,16,2024-12-26,202.27,9.91,Europe,CRM_SYSTEM_NEW,2025-07-10 12:13:34
475,18,86,46,2024-08-23,86.32,8.27,North America,CRM_SYSTEM_NEW,2025-07-10 12:13:34
476,98,46,23,2024-11-17,368.8,,Asia,CRM_SYSTEM_NEW,2025-07-10 12:13:34
477,49,89,9,2025-02-01,548.04,18.02,Europe,CRM_SYSTEM_NEW,2025-07-10 12:13:34
478,6,17,1,2025-03-17,181.52,11.23,North America,CRM_SYSTEM_NEW,2025-07-10 12:13:34
479,43,14,49,2024-09-01,41.08,,Europe,CRM_SYSTEM_NEW,2025-07-10 12:13:34
480,74,54,49,2024-10-11,115.33,4.3,Europe,CRM_SYSTEM_NEW,2025-07-10 12:13:34
481,37,87,42,2024-11-16,991.59,,North America,CRM_SYSTEM_NEW,2025-07-10 12:13:34
482,85,3,19,2024-11-12,965.61,8.01,North America,CRM_SYSTEM_NEW,2025-07-10 12:13:34
483,64,3,5,2024-12-20,887.75,11.24,Asia,CRM_SYSTEM_NEW,2025-07-10 12:13:34
484,68,50,5,2025-02-22,220.23,17.99,Asia,CRM_SYSTEM_NEW,2025-07-10 12:13:34
485,65,3,13,2024-11-03,712.47,9.4,Asia,CRM_SYSTEM_NEW,2025-07-10 12:13:34
486,27,99,34,2024-09-30,770.41,,Asia,CRM_SYSTEM_NEW,2025-07-10 12:13:34
487,44,63,38,2025-05-12,255.69,17.47,Europe,CRM_SYSTEM_NEW,2025-07-10 12:13:34
488,53,71,29,2024-09-13,637.26,5.42,North America,CRM_SYSTEM_NEW,2025-07-10 12:13:34
489,10,7,8,2024-11-09,589.8,5.83,Europe,CRM_SYSTEM_NEW,2025-07-10 12:13:34
490,94,25,32,2024-11-28,385.95,18.39,North America,CRM_SYSTEM_NEW,2025-07-10 12:13:34
491,9,82,13,2025-02-06,291.25,11.43,North America,CRM_SYSTEM_NEW,2025-07-10 12:13:34
492,36,71,18,2025-06-30,316.31,,Europe,CRM_SYSTEM_NEW,2025-07-10 12:13:34
493,35,8,2,2024-08-20,532.83,11.54,Europe,CRM_SYSTEM_NEW,2025-07-10 12:13:34
494,13,62,46,2024-10-04,670.77,7.44,Europe,CRM_SYSTEM_NEW,2025-07-10 12:13:34
495,13,91,34,2025-03-30,758.05,,Asia,CRM_SYSTEM_NEW,2025-07-10 12:13:34
496,88,79,39,2024-10-26,948.05,9.83,Europe,CRM_SYSTEM_NEW,2025-07-10 12:13:34
497,81,91,24,2024-07-11,121.61,1.17,North America,CRM_SYSTEM_NEW,2025-07-10 12:13:34
498,53,55,17,2024-11-09,630.92,14.7,Asia,CRM_SYSTEM_NEW,2025-07-10 12:13:34
499,3,92,28,2025-04-22,279.44,,Asia,CRM_SYSTEM_NEW,2025-07-10 12:13:34
500,83,17,19,2024-10-20,750.28,1.95,Asia,CRM_SYSTEM_NEW,2025-07-10 12:13:34
501,94,5,21,2024-09-14,183.84,16.28,Asia,CRM_SYSTEM_NEW,2025-07-10 12:13:34
502,49,34,40,2025-06-26,242.47,,Asia,CRM_SYSTEM_NEW,2025-07-10 12:13:34
503,27,93,44,2025-04-20,483.75,15.44,North America,CRM_SYSTEM_NEW,2025-07-10 12:13:34
504,73,15,34,2025-03-06,823.26,,Asia,CRM_SYSTEM_NEW,2025-07-10 12:13:34
505,38,81,30,2024-07-23,155.88,15.67,Asia,CRM_SYSTEM_NEW,2025-07-10 12:13:34
506,7,4,44,2025-06-01,848.0,14.62,Asia,CRM_SYSTEM_NEW,2025-07-10 12:13:34
507,15,92,22,2024-10-30,483.87,0.62,Asia,CRM_SYSTEM_NEW,2025-07-10 12:13:34
508,52,45,7,2025-03-28,951.29,6.03,Europe,CRM_SYSTEM_NEW,2025-07-10 12:13:34
509,44,21,32,2025-06-22,587.67,14.28,Asia,CRM_SYSTEM_NEW,2025-07-10 12:13:34
510,48,10,4,2025-04-12,950.44,7.85,Europe,CRM_SYSTEM_NEW,2025-07-10 12:13:34
511,59,14,14,2024-09-25,582.27,8.86,Asia,CRM_SYSTEM_NEW,2025-07-10 12:13:34
512,29,17,44,2025-04-03,817.17,15.35,Europe,CRM_SYSTEM_NEW,2025-07-10 12:13:34
513,19,17,25,2025-04-08,682.89,12.26,North America,CRM_SYSTEM_NEW,2025-07-10 12:13:34
514,84,28,29,2025-01-11,91.75,9.9,Asia,CRM_SYSTEM_NEW,2025-07-10 12:13:34
515,67,53,24,2024-07-16,933.13,16.11,Europe,CRM_SYSTEM_NEW,2025-07-10 12:13:34
516,89,17,36,2025-05-04,392.13,5.92,Europe,CRM_SYSTEM_NEW,2025-07-10 12:13:34
517,87,37,48,2024-10-15,116.49,,Europe,CRM_SYSTEM_NEW,2025-07-10 12:13:34
518,5,30,2,2024-08-05,409.87,,North America,CRM_SYSTEM_NEW,2025-07-10 12:13:34
519,26,85,3,2024-08-16,523.95,0.39,North America,CRM_SYSTEM_NEW,2025-07-10 12:13:34
520,37,66,41,2024-11-23,193.21,10.13,North America,CRM_SYSTEM_NEW,2025-07-10 12:13:34
521,79,85,20,2025-02-15,656.57,,North America,CRM_SYSTEM_NEW,2025-07-10 12:13:34
522,79,12,37,2024-11-05,637.17,4.88,Asia,CRM_SYSTEM_NEW,2025-07-10 12:13:34
523,33,45,19,2024-07-15,684.19,,North America,CRM_SYSTEM_NEW,2025-07-10 12:13:34
524,76,42,26,2025-05-29,613.62,5.06,Europe,CRM_SYSTEM_NEW,2025-07-10 12:13:34
525,33,43,29,2024-10-18,473.52,1.6,Asia,CRM_SYSTEM_NEW,2025-07-10 12:13:34
526,67,37,14,2024-11-26,681.17,8.64,Asia,CRM_SYSTEM_NEW,2025-07-10 12:13:34
527,7,37,23,2025-05-30,571.92,2.31,Europe,CRM_SYSTEM_NEW,2025-07-10 12:13:34
528,8,50,25,2025-05-05,129.16,15.38,Asia,CRM_SYSTEM_NEW,2025-07-10 12:13:34
529,23,5,40,2025-04-25,100.19,,Asia,CRM_SYSTEM_NEW,2025-07-10 12:13:34
530,45,91,23,2024-11-18,593.58,0.88,Europe,CRM_SYSTEM_NEW,2025-07-10 12:13:34
531,2,95,17,2025-05-13,842.61,,Europe,CRM_SYSTEM_NEW,2025-07-10 12:13:34
532,22,36,23,2024-10-06,644.49,14.42,North America,CRM_SYSTEM_NEW,2025-07-10 12:13:34
533,50,78,22,2024-10-18,870.97,14.41,Europe,CRM_SYSTEM_NEW,2025-07-10 12:13:34
534,7,56,31,2025-01-10,983.34,2.46,Europe,CRM_SYSTEM_NEW,2025-07-10 12:13:34
535,92,98,19,2024-12-22,492.78,15.98,North America,CRM_SYSTEM_NEW,2025-07-10 12:13:34
536,3,47,30,2025-01-07,433.3,,Asia,CRM_SYSTEM_NEW,2025-07-10 12:13:34
537,73,25,11,2025-02-11,379.84,17.08,Asia,CRM_SYSTEM_NEW,2025-07-10 12:13:34
538,87,95,18,2024-12-12,239.59,3.2,Asia,CRM_SYSTEM_NEW,2025-07-10 12:13:34
539,26,23,30,2025-02-17,389.73,3.13,Asia,CRM_SYSTEM_NEW,2025-07-10 12:13:34
540,8,5,26,2025-02-19,833.85,19.23,Asia,CRM_SYSTEM_NEW,2025-07-10 12:13:34
541,96,93,47,2024-08-20,989.55,9.29,Europe,CRM_SYSTEM_NEW,2025-07-10 12:13:34
542,1,58,21,2024-07-21,484.98,6.61,Asia,CRM_SYSTEM_NEW,2025-07-10 12:13:34
543,6,87,24,2025-05-07,962.49,17.18,Asia,CRM_SYSTEM_NEW,2025-07-10 12:13:34
544,49,11,44,2024-12-02,405.47,,Asia,CRM_SYSTEM_NEW,2025-07-10 12:13:34
545,32,86,16,2024-08-06,922.73,4.16,Asia,CRM_SYSTEM_NEW,2025-07-10 12:13:34
546,92,74,40,2025-03-07,338.14,2.2,Asia,CRM_SYSTEM_NEW,2025-07-10 12:13:34
547,98,53,34,2024-09-12,795.92,16.02,Asia,CRM_SYSTEM_NEW,2025-07-10 12:13:34
548,11,55,41,2024-12-13,918.62,,Asia,CRM_SYSTEM_NEW,2025-07-10 12:13:34
549,30,25,49,2025-06-11,61.31,19.49,North America,CRM_SYSTEM_NEW,2025-07-10 12:13:34
550,40,10,17,2025-05-02,967.83,2.1,North America,CRM_SYSTEM_NEW,2025-07-10 12:13:34
551,33,34,14,2024-11-28,311.65,,Europe,CRM_SYSTEM_NEW,2025-07-10 12:13:34
552,42,58,23,2025-04-11,889.73,14.54,Europe,CRM_SYSTEM_NEW,2025-07-10 12:13:34
553,35,20,4,2024-07-11,808.29,,Asia,CRM_SYSTEM_NEW,2025-07-10 12:13:34
554,25,78,30,2025-01-13,443.89,18.24,Asia,CRM_SYSTEM_NEW,2025-07-10 12:13:34
555,86,36,7,2025-01-30,974.6,18.61,Europe,CRM_SYSTEM_NEW,2025-07-10 12:13:34
556,54,88,13,2024-12-08,239.28,8.63,Asia,CRM_SYSTEM_NEW,2025-07-10 12:13:34
557,34,24,27,2024-07-31,275.93,3.62,Europe,CRM_SYSTEM_NEW,2025-07-10 12:13:34
558,95,48,42,2024-11-24,636.73,13.74,North America,CRM_SYSTEM_NEW,2025-07-10 12:13:34
559,37,54,10,2025-02-16,739.47,4.76,North America,CRM_SYSTEM_NEW,2025-07-10 12:13:34
560,5,6,46,2025-04-05,613.99,,Europe,CRM_SYSTEM_NEW,2025-07-10 12:13:34
561,65,26,39,2024-10-29,706.18,15.93,North America,CRM_SYSTEM_NEW,2025-07-10 12:13:34
562,19,4,32,2025-04-23,248.63,19.24,North America,CRM_SYSTEM_NEW,2025-07-10 12:13:34
563,19,85,16,2024-10-08,248.58,3.93,Europe,CRM_SYSTEM_NEW,2025-07-10 12:13:34
564,53,43,3,2025-05-22,273.95,13.85,Asia,CRM_SYSTEM_NEW,2025-07-10 12:13:34
565,69,92,28,2025-01-01,492.47,13.89,Europe,CRM_SYSTEM_NEW,2025-07-10 12:13:34
566,94,4,31,2025-03-23,558.01,,North America,CRM_SYSTEM_NEW,2025-07-10 12:13:34
567,19,54,12,2024-07-11,777.86,18.64,North America,CRM_SYSTEM_NEW,2025-07-10 12:13:34
568,61,23,2,2025-04-16,106.37,17.36,Asia,CRM_SYSTEM_NEW,2025-07-10 12:13:34
569,2,39,15,2024-12-11,832.44,13.72,Europe,CRM_SYSTEM_NEW,2025-07-10 12:13:34
570,21,29,16,2024-08-11,242.18,18.79,Asia,CRM_SYSTEM_NEW,2025-07-10 12:13:34
571,78,85,47,2024-12-07,663.9,15.08,North America,CRM_SYSTEM_NEW,2025-07-10 12:13:34
572,33,44,29,2025-07-01,576.69,11.93,North America,CRM_SYSTEM_NEW,2025-07-10 12:13:34
573,73,10,1,2024-12-20,384.8,,Asia,CRM_SYSTEM_NEW,2025-07-10 12:13:34
574,97,10,37,2024-12-22,190.31,12.05,North America,CRM_SYSTEM_NEW,2025-07-10 12:13:34
575,63,82,39,2024-11-26,599.49,5.49,Europe,CRM_SYSTEM_NEW,2025-07-10 12:13:34
576,37,60,32,2024-09-15,651.44,8.11,Asia,CRM_SYSTEM_NEW,2025-07-10 12:13:34
577,37,46,31,2025-04-07,301.14,12.8,Europe,CRM_SYSTEM_NEW,2025-07-10 12:13:34
578,43,81,31,2024-11-30,669.13,0.22,Asia,CRM_SYSTEM_NEW,2025-07-10 12:13:34
579,18,34,27,2025-02-14,501.91,11.58,Europe,CRM_SYSTEM_NEW,2025-07-10 12:13:34
580,42,20,20,2025-04-25,41.41,2.0,Asia,CRM_SYSTEM_NEW,2025-07-10 12:13:34
581,96,11,26,2025-06-29,796.65,5.11,Europe,CRM_SYSTEM_NEW,2025-07-10 12:13:34
582,84,42,29,2024-12-29,830.72,18.46,Asia,CRM_SYSTEM_NEW,2025-07-10 12:13:34
583,80,19,33,2025-03-19,473.35,5.55,Europe,CRM_SYSTEM_NEW,2025-07-10 12:13:34
584,73,42,24,2025-05-04,684.08,,North America,CRM_SYSTEM_NEW,2025-07-10 12:13:34
585,94,35,17,2025-05-28,253.0,,Asia,CRM_SYSTEM_NEW,2025-07-10 12:13:34
586,46,77,44,2024-07-17,982.39,10.86,Asia,CRM_SYSTEM_NEW,2025-07-10 12:13:34
587,6,5,2,2025-06-01,518.78,4.82,North America,CRM_SYSTEM_NEW,2025-07-10 12:13:34
588,21,67,49,2024-08-13,687.59,13.62,Asia,CRM_SYSTEM_NEW,2025-07-10 12:13:34
589,17,43,11,2025-03-02,36.48,6.51,Europe,CRM_SYSTEM_NEW,2025-07-10 12:13:34
590,19,21,18,2025-06-12,155.73,3.5,Asia,CRM_SYSTEM_NEW,2025-07-10 12:13:34
591,86,32,28,2024-07-15,197.14,19.56,North America,CRM_SYSTEM_NEW,2025-07-10 12:13:34
592,99,78,28,2025-02-14,110.91,19.34,Asia,CRM_SYSTEM_NEW,2025-07-10 12:13:34
593,85,61,35,2024-10-05,168.12,,Asia,CRM_SYSTEM_NEW,2025-07-10 12:13:34
594,90,16,41,2024-07-26,279.5,15.61,Europe,CRM_SYSTEM_NEW,2025-07-10 12:13:34
595,26,40,40,2024-10-19,814.86,18.09,North America,CRM_SYSTEM_NEW,2025-07-10 12:13:34
596,65,51,15,2025-03-13,12.41,8.72,Europe,CRM_SYSTEM_NEW,2025-07-10 12:13:34
597,54,71,31,2024-08-02,715.2,,Europe,CRM_SYSTEM_NEW,2025-07-10 12:13:34
598,91,33,4,2025-04-28,576.41,15.51,Europe,CRM_SYSTEM_NEW,2025-07-10 12:13:34
599,98,59,19,2025-05-15,129.49,4.55,Asia,CRM_SYSTEM_NEW,2025-07-10 12:13:34
600,38,44,22,2024-08-20,269.46,9.76,North America,CRM_SYSTEM_NEW,2025-07-10 12:13:34
601,17,30,31,2025-03-22,594.95,8.28,Asia,CRM_SYSTEM_NEW,2025-07-10 12:13:34
602,81,43,9,2024-08-28,154.53,2.65,Asia,CRM_SYSTEM_NEW,2025-07-10 12:13:34
603,70,93,6,2024-11-18,80.65,9.78,North America,CRM_SYSTEM_NEW,2025-07-10 12:13:34
604,62,82,22,2024-07-22,932.68,,Europe,CRM_SYSTEM_NEW,2025-07-10 12:13:34
605,76,48,2,2025-03-09,868.45,15.91,Asia,CRM_SYSTEM_NEW,2025-07-10 12:13:34
606,98,86,4,2025-03-17,61.32,9.93,North America,CRM_SYSTEM_NEW,2025-07-10 12:13:34
607,24,25,23,2024-12-21,715.81,15.71,North America,CRM_SYSTEM_NEW,2025-07-10 12:13:34
608,36,21,42,2025-06-11,555.48,,North America,CRM_SYSTEM_NEW,2025-07-10 12:13:34
609,4,5,6,2025-02-12,302.11,13.86,Asia,CRM_SYSTEM_NEW,2025-07-10 12:13:34
610,74,58,23,2024-10-10,110.54,19.39,Asia,CRM_SYSTEM_NEW,2025-07-10 12:13:34
611,34,50,47,2024-07-25,991.48,19.85,Europe,CRM_SYSTEM_NEW,2025-07-10 12:13:34
612,74,6,27,2024-10-08,633.91,,Asia,CRM_SYSTEM_NEW,2025-07-10 12:13:34
613,9,26,38,2024-09-02,952.86,2.46,Europe,CRM_SYSTEM_NEW,2025-07-10 12:13:34
614,74,28,23,2025-06-07,371.22,13.41,Asia,CRM_SYSTEM_NEW,2025-07-10 12:13:34
615,76,91,9,2024-09-28,570.97,,Europe,CRM_SYSTEM_NEW,2025-07-10 12:13:34
616,10,85,44,2024-07-18,325.5,12.84,Europe,CRM_SYSTEM_NEW,2025-07-10 12:13:34
617,15,17,40,2025-04-09,444.66,6.9,Asia,CRM_SYSTEM_NEW,2025-07-10 12:13:34
618,14,70,18,2024-11-09,619.88,7.86,North America,CRM_SYSTEM_NEW,2025-07-10 12:13:34
619,6,97,6,2025-07-01,587.14,9.32,North America,CRM_SYSTEM_NEW,2025-07-10 12:13:34
620,40,80,18,2024-09-14,378.03,11.27,Asia,CRM_SYSTEM_NEW,2025-07-10 12:13:34
621,87,65,1,2025-02-11,22.23,5.42,Europe,CRM_SYSTEM_NEW,2025-07-10 12:13:34
622,32,3,5,2024-07-21,295.04,15.58,Europe,CRM_SYSTEM_NEW,2025-07-10 12:13:34
623,69,85,31,2024-10-07,451.44,15.83,Europe,CRM_SYSTEM_NEW,2025-07-10 12:13:34
624,45,83,16,2024-08-22,735.43,2.42,Europe,CRM_SYSTEM_NEW,2025-07-10 12:13:34
625,96,16,36,2024-12-17,587.44,15.28,North America,CRM_SYSTEM_NEW,2025-07-10 12:13:34
626,24,30,24,2025-02-18,24.87,1.36,North America,CRM_SYSTEM_NEW,2025-07-10 12:13:34
627,77,84,25,2024-12-01,211.36,,Europe,CRM_SYSTEM_NEW,2025-07-10 12:13:34
628,49,31,21,2024-08-20,733.95,13.59,North America,CRM_SYSTEM_NEW,2025-07-10 12:13:34
629,50,93,22,2024-09-02,647.71,9.09,Europe,CRM_SYSTEM_NEW,2025-07-10 12:13:34
630,93,65,23,2025-03-09,80.62,,Asia,CRM_SYSTEM_NEW,2025-07-10 12:13:34
631,54,39,9,2025-06-12,103.6,2.27,North America,CRM_SYSTEM_NEW,2025-07-10 12:13:34
632,41,2,13,2025-02-12,808.12,16.73,North America,CRM_SYSTEM_NEW,2025-07-10 12:13:34
633,8,2,32,2025-01-18,401.56,7.05,North America,CRM_SYSTEM_NEW,2025-07-10 12:13:34
634,32,1,16,2024-07-13,596.44,0.67,Asia,CRM_SYSTEM_NEW,2025-07-10 12:13:34
635,6,20,7,2024-08-20,667.64,10.41,North America,CRM_SYSTEM_NEW,2025-07-10 12:13:34
636,11,53,26,2024-11-18,979.47,19.47,North America,CRM_SYSTEM_NEW,2025-07-10 12:13:34
637,3,96,22,2024-07-18,336.71,17.92,Europe,CRM_SYSTEM_NEW,2025-07-10 12:13:34
638,68,59,44,2025-06-23,607.5,18.44,Asia,CRM_SYSTEM_NEW,2025-07-10 12:13:34
639,55,7,47,2024-08-08,610.67,,Europe,CRM_SYSTEM_NEW,2025-07-10 12:13:34
640,7,19,35,2025-03-04,133.31,19.24,Asia,CRM_SYSTEM_NEW,2025-07-10 12:13:34
641,68,32,49,2024-09-11,389.15,,Asia,CRM_SYSTEM_NEW,2025-07-10 12:13:34
642,1,12,26,2024-10-25,303.3,11.18,Asia,CRM_SYSTEM_NEW,2025-07-10 12:13:34
643,57,60,8,2025-01-16,630.68,12.8,Asia,CRM_SYSTEM_NEW,2025-07-10 12:13:34
644,57,58,5,2024-07-13,237.11,3.71,Asia,CRM_SYSTEM_NEW,2025-07-10 12:13:34
645,65,13,8,2025-01-24,896.55,,Europe,CRM_SYSTEM_NEW,2025-07-10 12:13:34
646,1,13,4,2024-12-15,704.5,11.75,Asia,CRM_SYSTEM_NEW,2025-07-10 12:13:34
647,49,7,15,2025-02-12,520.75,,Asia,CRM_SYSTEM_NEW,2025-07-10 12:13:34
648,40,60,49,2025-07-05,201.16,16.55,Europe,CRM_SYSTEM_NEW,2025-07-10 12:13:34
649,87,51,21,2025-03-21,449.87,0.68,Asia,CRM_SYSTEM_NEW,2025-07-10 12:13:34
650,2,19,42,2025-06-28,486.16,12.39,North America,CRM_SYSTEM_NEW,2025-07-10 12:13:34
651,72,53,12,2024-11-10,508.73,,North America,CRM_SYSTEM_NEW,2025-07-10 12:13:34
652,48,88,9,2024-10-31,644.0,5.56,Europe,CRM_SYSTEM_NEW,2025-07-10 12:13:34
653,12,38,46,2025-05-22,445.45,,Asia,CRM_SYSTEM_NEW,2025-07-10 12:13:34
654,9,97,10,2024-10-02,66.86,16.35,North America,CRM_SYSTEM_NEW,2025-07-10 12:13:34
655,90,95,38,2025-01-25,723.18,8.22,Asia,CRM_SYSTEM_NEW,2025-07-10 12:13:34
656,21,23,30,2025-05-29,865.14,4.16,North America,CRM_SYSTEM_NEW,2025-07-10 12:13:34
657,70,30,41,2025-06-01,285.89,10.29,Asia,CRM_SYSTEM_NEW,2025-07-10 12:13:34
658,55,66,21,2024-07-13,399.59,,North America,CRM_SYSTEM_NEW,2025-07-10 12:13:34
659,57,60,11,2025-04-25,919.35,,Europe,CRM_SYSTEM_NEW,2025-07-10 12:13:34
660,85,6,20,2024-09-29,33.85,16.86,Asia,CRM_SYSTEM_NEW,2025-07-10 12:13:34
661,13,71,31,2025-05-12,358.38,12.81,North America,CRM_SYSTEM_NEW,2025-07-10 12:13:34
662,90,26,24,2025-06-02,429.27,0.66,North America,CRM_SYSTEM_NEW,2025-07-10 12:13:34
663,41,85,15,2025-03-08,729.0,18.74,Asia,CRM_SYSTEM_NEW,2025-07-10 12:13:34
664,3,64,22,2025-04-09,62.31,15.9,North America,CRM_SYSTEM_NEW,2025-07-10 12:13:34
665,22,59,15,2025-02-22,170.87,8.17,Asia,CRM_SYSTEM_NEW,2025-07-10 12:13:34
666,94,29,35,2024-11-03,338.85,18.59,North America,CRM_SYSTEM_NEW,2025-07-10 12:13:34
667,1,89,36,2025-04-11,93.57,1.99,North America,CRM_SYSTEM_NEW,2025-07-10 12:13:34
668,55,1,18,2025-03-24,489.91,4.06,North America,CRM_SYSTEM_NEW,2025-07-10 12:13:34
669,54,89,23,2025-01-25,491.83,,Asia,CRM_SYSTEM_NEW,2025-07-10 12:13:34
670,2,40,25,2024-08-19,900.02,8.61,Asia,CRM_SYSTEM_NEW,2025-07-10 12:13:34
671,61,5,8,2025-03-29,324.26,0.94,Europe,CRM_SYSTEM_NEW,2025-07-10 12:13:34
672,22,86,23,2024-12-19,806.19,0.26,North America,CRM_SYSTEM_NEW,2025-07-10 12:13:34
673,99,36,22,2025-05-11,760.76,12.83,Europe,CRM_SYSTEM_NEW,2025-07-10 12:13:34
674,42,79,3,2024-09-07,694.12,6.01,Europe,CRM_SYSTEM_NEW,2025-07-10 12:13:34
675,14,14,38,2024-09-10,785.52,15.24,North America,CRM_SYSTEM_NEW,2025-07-10 12:13:34
676,61,53,7,2025-01-30,839.83,,Asia,CRM_SYSTEM_NEW,2025-07-10 12:13:34
677,8,14,19,2024-07-16,592.6,6.53,Europe,CRM_SYSTEM_NEW,2025-07-10 12:13:34
678,1,29,49,2024-12-30,974.28,1.56,North America,CRM_SYSTEM_NEW,2025-07-10 12:13:34
679,97,68,20,2025-03-08,776.97,18.91,Asia,CRM_SYSTEM_NEW,2025-07-10 12:13:34
680,98,66,16,2025-05-03,649.66,17.95,North America,CRM_SYSTEM_NEW,2025-07-10 12:13:34
681,89,18,43,2024-08-28,743.02,15.31,North America,CRM_SYSTEM_NEW,2025-07-10 12:13:34
682,54,64,45,2025-02-03,203.4,16.92,North America,CRM_SYSTEM_NEW,2025-07-10 12:13:34
683,52,53,12,2025-01-21,137.86,8.03,Asia,CRM_SYSTEM_NEW,2025-07-10 12:13:34
684,85,69,11,2024-12-04,478.26,,North America,CRM_SYSTEM_NEW,2025-07-10 12:13:34
685,72,46,21,2024-12-24,376.4,19.89,Europe,CRM_SYSTEM_NEW,2025-07-10 12:13:34
686,54,11,32,2024-10-10,385.34,17.24,Asia,CRM_SYSTEM_NEW,2025-07-10 12:13:34
687,52,76,33,2025-01-18,103.86,11.58,North America,CRM_SYSTEM_NEW,2025-07-10 12:13:34
688,2,65,24,2025-01-22,83.21,2.11,Asia,CRM_SYSTEM_NEW,2025-07-10 12:13:34
689,19,58,31,2024-08-28,700.48,,Europe,CRM_SYSTEM_NEW,2025-07-10 12:13:34
690,93,79,8,2025-07-02,73.33,7.27,Europe,CRM_SYSTEM_NEW,2025-07-10 12:13:34
691,54,12,37,2024-12-04,364.2,4.4,Asia,CRM_SYSTEM_NEW,2025-07-10 12:13:34
692,83,69,29,2025-03-17,39.01,13.01,North America,CRM_SYSTEM_NEW,2025-07-10 12:13:34
693,7,25,5,2025-01-08,963.99,,North America,CRM_SYSTEM_NEW,2025-07-10 12:13:34
694,39,20,13,2024-11-25,741.93,,North America,CRM_SYSTEM_NEW,2025-07-10 12:13:34
695,78,27,17,2025-05-10,395.47,,Asia,CRM_SYSTEM_NEW,2025-07-10 12:13:34
696,92,29,35,2025-02-13,525.94,18.23,Europe,CRM_SYSTEM_NEW,2025-07-10 12:13:34
697,11,29,40,2025-03-22,795.99,10.52,Europe,CRM_SYSTEM_NEW,2025-07-10 12:13:34
698,55,9,26,2025-06-25,628.16,,Europe,CRM_SYSTEM_NEW,2025-07-10 12:13:34
699,10,72,39,2025-03-24,997.22,,Asia,CRM_SYSTEM_NEW,2025-07-10 12:13:34
700,9,71,39,2024-09-25,391.23,17.52,North America,CRM_SYSTEM_NEW,2025-07-10 12:13:34
701,12,54,5,2025-03-11,848.82,,Europe,CRM_SYSTEM_NEW,2025-07-10 12:13:34
702,42,95,13,2025-01-26,441.11,17.81,Asia,CRM_SYSTEM_NEW,2025-07-10 12:13:34
703,20,65,21,2025-06-20,881.87,,Asia,CRM_SYSTEM_NEW,2025-07-10 12:13:34
704,38,60,3,2024-07-31,265.96,6.12,Asia,CRM_SYSTEM_NEW,2025-07-10 12:13:34
705,88,43,4,2025-04-26,420.38,10.43,Europe,CRM_SYSTEM_NEW,2025-07-10 12:13:34
706,28,99,46,2024-09-11,567.94,,Asia,CRM_SYSTEM_NEW,2025-07-10 12:13:34
707,72,64,38,2024-12-19,364.02,3.15,Asia,CRM_SYSTEM_NEW,2025-07-10 12:13:34
708,91,84,30,2025-03-28,664.88,5.2,Europe,CRM_SYSTEM_NEW,2025-07-10 12:13:34
709,28,37,16,2025-06-22,799.89,17.68,Europe,CRM_SYSTEM_NEW,2025-07-10 12:13:34
710,78,83,18,2025-04-26,758.61,9.44,Asia,CRM_SYSTEM_NEW,2025-07-10 12:13:34
711,53,41,17,2025-06-14,557.92,6.83,North America,CRM_SYSTEM_NEW,2025-07-10 12:13:34
712,7,65,12,2025-01-05,202.3,9.43,Asia,CRM_SYSTEM_NEW,2025-07-10 12:13:34
713,17,50,36,2024-10-17,748.55,17.99,Europe,CRM_SYSTEM_NEW,2025-07-10 12:13:34
714,28,29,10,2025-01-21,14.14,14.8,Asia,CRM_SYSTEM_NEW,2025-07-10 12:13:34
715,42,78,21,2024-10-16,830.93,18.09,North America,CRM_SYSTEM_NEW,2025-07-10 12:13:34
716,76,99,49,2024-10-20,522.08,17.06,Asia,CRM_SYSTEM_NEW,2025-07-10 12:13:34
717,30,13,43,2025-03-29,932.58,17.89,Europe,CRM_SYSTEM_NEW,2025-07-10 12:13:34
718,35,8,1,2024-10-12,420.65,2.08,Europe,CRM_SYSTEM_NEW,2025-07-10 12:13:34
719,95,71,46,2025-03-13,893.84,0.59,Asia,CRM_SYSTEM_NEW,2025-07-10 12:13:34
720,13,65,1,2024-10-26,136.64,18.97,Europe,CRM_SYSTEM_NEW,2025-07-10 12:13:34
721,40,99,31,2024-12-09,632.4,13.87,North America,CRM_SYSTEM_NEW,2025-07-10 12:13:34
722,57,48,27,2025-01-06,789.82,2.59,Europe,CRM_SYSTEM_NEW,2025-07-10 12:13:34
723,76,27,25,2024-09-22,528.86,9.49,Europe,CRM_SYSTEM_NEW,2025-07-10 12:13:34
724,7,41,49,2025-07-08,837.46,4.19,Europe,CRM_SYSTEM_NEW,2025-07-10 12:13:34
725,30,50,25,2024-08-19,585.13,0.87,North America,CRM_SYSTEM_NEW,2025-07-10 12:13:34
726,81,71,26,2024-08-24,481.69,2.12,North America,CRM_SYSTEM_NEW,2025-07-10 12:13:34
727,64,84,3,2024-10-13,723.3,,Europe,CRM_SYSTEM_NEW,2025-07-10 12:13:34
728,2,44,30,2025-05-30,672.96,6.8,Asia,CRM_SYSTEM_NEW,2025-07-10 12:13:34
729,43,91,32,2025-02-20,726.62,,North America,CRM_SYSTEM_NEW,2025-07-10 12:13:34
730,70,8,36,2025-06-28,26.77,4.95,Asia,CRM_SYSTEM_NEW,2025-07-10 12:13:34
731,66,57,40,2025-02-09,380.96,9.25,Europe,CRM_SYSTEM_NEW,2025-07-10 12:13:34
732,17,2,4,2024-07-16,752.89,19.65,Asia,CRM_SYSTEM_NEW,2025-07-10 12:13:34
733,75,48,2,2024-12-23,332.78,8.67,Asia,CRM_SYSTEM_NEW,2025-07-10 12:13:34
734,42,47,8,2024-11-28,508.6,5.76,North America,CRM_SYSTEM_NEW,2025-07-10 12:13:34
735,60,76,13,2024-10-19,319.8,9.83,North America,CRM_SYSTEM_NEW,2025-07-10 12:13:34
736,19,89,11,2024-09-10,272.97,12.75,Asia,CRM_SYSTEM_NEW,2025-07-10 12:13:34
737,3,69,5,2025-02-13,19.75,4.95,Europe,CRM_SYSTEM_NEW,2025-07-10 12:13:34
738,65,92,27,2025-06-22,120.6,19.85,Asia,CRM_SYSTEM_NEW,2025-07-10 12:13:34
739,44,43,26,2024-09-12,65.44,8.97,Asia,CRM_SYSTEM_NEW,2025-07-10 12:13:34
740,92,86,28,2024-07-12,90.29,7.99,North America,CRM_SYSTEM_NEW,2025-07-10 12:13:34
741,83,94,49,2024-09-17,446.69,9.7,Europe,CRM_SYSTEM_NEW,2025-07-10 12:13:34
742,76,81,14,2025-03-06,216.09,13.23,Europe,CRM_SYSTEM_NEW,2025-07-10 12:13:34
743,67,81,49,2024-09-08,504.33,2.12,Europe,CRM_SYSTEM_NEW,2025-07-10 12:13:34
744,56,92,15,2025-02-09,578.49,8.6,North America,CRM_SYSTEM_NEW,2025-07-10 12:13:34
745,49,63,5,2024-09-29,497.64,7.12,Asia,CRM_SYSTEM_NEW,2025-07-10 12:13:34
746,18,32,23,2024-12-05,97.91,,North America,CRM_SYSTEM_NEW,2025-07-10 12:13:34
747,52,47,39,2024-12-23,961.62,7.55,Asia,CRM_SYSTEM_NEW,2025-07-10 12:13:34
748,60,59,27,2024-11-09,946.56,6.03,Asia,CRM_SYSTEM_NEW,2025-07-10 12:13:34
749,5,99,4,2025-04-26,158.88,12.75,Asia,CRM_SYSTEM_NEW,2025-07-10 12:13:34
750,48,77,13,2024-10-30,800.4,6.99,North America,CRM_SYSTEM_NEW,2025-07-10 12:13:34
751,36,62,30,2025-06-30,516.53,15.27,Europe,CRM_SYSTEM_NEW,2025-07-10 12:13:34
752,86,15,4,2025-03-22,846.86,,North America,CRM_SYSTEM_NEW,2025-07-10 12:13:34
753,37,53,37,2024-11-26,130.26,6.5,Asia,CRM_SYSTEM_NEW,2025-07-10 12:13:34
754,17,18,9,2025-02-18,50.33,1.45,Europe,CRM_SYSTEM_NEW,2025-07-10 12:13:34
755,46,64,23,2025-07-07,119.83,13.36,Asia,CRM_SYSTEM_NEW,2025-07-10 12:13:34
756,68,72,25,2024-10-18,996.38,2.16,North America,CRM_SYSTEM_NEW,2025-07-10 12:13:34
757,5,75,1,2025-04-13,629.22,1.02,Europe,CRM_SYSTEM_NEW,2025-07-10 12:13:34
758,39,58,25,2025-05-17,800.22,14.85,Asia,CRM_SYSTEM_NEW,2025-07-10 12:13:34
759,22,26,34,2024-09-27,318.35,,Asia,CRM_SYSTEM_NEW,2025-07-10 12:13:34
760,73,73,27,2024-09-06,975.82,,Asia,CRM_SYSTEM_NEW,2025-07-10 12:13:34
761,75,69,5,2025-03-11,220.12,0.14,Europe,CRM_SYSTEM_NEW,2025-07-10 12:13:34
762,69,80,10,2024-09-27,932.62,15.66,North America,CRM_SYSTEM_NEW,2025-07-10 12:13:34
763,10,82,16,2024-10-24,261.71,10.27,Asia,CRM_SYSTEM_NEW,2025-07-10 12:13:34
764,41,76,33,2024-12-07,598.72,,Asia,CRM_SYSTEM_NEW,2025-07-10 12:13:34
765,39,27,5,2025-01-22,113.75,10.15,Europe,CRM_SYSTEM_NEW,2025-07-10 12:13:34
766,75,17,22,2024-09-05,100.58,,Europe,CRM_SYSTEM_NEW,2025-07-10 12:13:34
767,96,75,7,2025-03-18,372.41,5.64,Asia,CRM_SYSTEM_NEW,2025-07-10 12:13:34
768,6,64,37,2025-01-23,120.28,18.98,Europe,CRM_SYSTEM_NEW,2025-07-10 12:13:34
769,79,25,49,2025-03-08,49.36,19.56,Europe,CRM_SYSTEM_NEW,2025-07-10 12:13:34
770,10,1,33,2024-11-08,638.97,18.23,Asia,CRM_SYSTEM_NEW,2025-07-10 12:13:34
771,44,92,15,2025-05-03,337.96,18.7,North America,CRM_SYSTEM_NEW,2025-07-10 12:13:34
772,12,39,9,2025-06-24,207.99,4.07,North America,CRM_SYSTEM_NEW,2025-07-10 12:13:34
773,28,29,12,2024-10-04,74.73,15.16,North America,CRM_SYSTEM_NEW,2025-07-10 12:13:34
774,99,81,17,2025-05-18,389.17,16.7,Asia,CRM_SYSTEM_NEW,2025-07-10 12:13:34
775,65,62,16,2025-06-03,471.76,,North America,CRM_SYSTEM_NEW,2025-07-10 12:13:34
776,37,59,41,2025-01-04,116.34,15.06,Asia,CRM_SYSTEM_NEW,2025-07-10 12:13:34
777,69,1,35,2025-04-18,194.62,17.94,North America,CRM_SYSTEM_NEW,2025-07-10 12:13:34
778,92,61,27,2025-04-15,248.09,9.45,Europe,CRM_SYSTEM_NEW,2025-07-10 12:13:34
779,61,5,2,2025-02-14,509.72,6.18,North America,CRM_SYSTEM_NEW,2025-07-10 12:13:34
780,83,81,44,2025-06-15,135.77,0.19,Asia,CRM_SYSTEM_NEW,2025-07-10 12:13:34
781,9,33,28,2025-02-08,819.26,0.6,Europe,CRM_SYSTEM_NEW,2025-07-10 12:13:34
782,25,26,37,2024-12-01,468.57,14.11,Asia,CRM_SYSTEM_NEW,2025-07-10 12:13:34
783,81,12,18,2025-04-03,20.92,19.05,North America,CRM_SYSTEM_NEW,2025-07-10 12:13:34
784,57,10,16,2025-06-29,544.7,16.47,Asia,CRM_SYSTEM_NEW,2025-07-10 12:13:34
785,37,5,2,2024-11-06,346.79,5.01,Europe,CRM_SYSTEM_NEW,2025-07-10 12:13:34
786,100,62,39,2025-04-14,275.0,14.1,Asia,CRM_SYSTEM_NEW,2025-07-10 12:13:34
787,92,57,40,2025-02-07,792.6,17.27,Asia,CRM_SYSTEM_NEW,2025-07-10 12:13:34
788,6,85,10,2025-05-15,355.7,14.28,Asia,CRM_SYSTEM_NEW,2025-07-10 12:13:34
789,51,33,37,2025-03-23,810.77,12.71,North America,CRM_SYSTEM_NEW,2025-07-10 12:13:34
790,27,47,43,2024-10-26,42.53,13.79,Europe,CRM_SYSTEM_NEW,2025-07-10 12:13:34
791,27,14,32,2025-02-11,977.87,15.16,Europe,CRM_SYSTEM_NEW,2025-07-10 12:13:34
792,90,70,1,2025-04-16,767.32,,North America,CRM_SYSTEM_NEW,2025-07-10 12:13:34
793,43,97,22,2025-02-08,27.08,18.65,Asia,CRM_SYSTEM_NEW,2025-07-10 12:13:34
794,100,52,42,2024-08-19,637.13,12.12,Europe,CRM_SYSTEM_NEW,2025-07-10 12:13:34
795,75,61,41,2024-08-19,797.8,1.27,North America,CRM_SYSTEM_NEW,2025-07-10 12:13:34
796,72,26,26,2025-02-17,458.23,7.57,Europe,CRM_SYSTEM_NEW,2025-07-10 12:13:34
797,16,74,41,2024-12-16,205.58,3.18,North America,CRM_SYSTEM_NEW,2025-07-10 12:13:34
798,9,99,49,2024-10-05,701.77,11.46,North America,CRM_SYSTEM_NEW,2025-07-10 12:13:34
799,52,41,35,2024-10-30,159.38,19.83,North America,CRM_SYSTEM_NEW,2025-07-10 12:13:34
800,33,28,35,2024-08-22,607.35,18.82,North America,CRM_SYSTEM_NEW,2025-07-10 12:13:34
801,25,48,31,2024-07-15,37.7,,North America,CRM_SYSTEM_NEW,2025-07-10 12:13:34
802,61,33,24,2024-08-28,675.34,14.9,Asia,CRM_SYSTEM_NEW,2025-07-10 12:13:34
803,14,10,25,2025-05-13,62.96,18.94,Asia,CRM_SYSTEM_NEW,2025-07-10 12:13:34
804,53,96,32,2025-02-25,593.43,13.12,Europe,CRM_SYSTEM_NEW,2025-07-10 12:13:34
805,82,14,7,2024-08-03,371.01,8.7,Asia,CRM_SYSTEM_NEW,2025-07-10 12:13:34
806,59,15,32,2025-03-14,183.77,6.52,Europe,CRM_SYSTEM_NEW,2025-07-10 12:13:34
807,26,86,4,2024-10-29,968.71,13.45,North America,CRM_SYSTEM_NEW,2025-07-10 12:13:34
808,19,48,26,2024-07-11,85.26,1.58,Asia,CRM_SYSTEM_NEW,2025-07-10 12:13:34
809,78,68,25,2024-10-16,304.51,11.15,North America,CRM_SYSTEM_NEW,2025-07-10 12:13:34
810,26,44,15,2025-01-02,960.21,15.22,Asia,CRM_SYSTEM_NEW,2025-07-10 12:13:34
811,4,24,12,2025-01-29,943.43,13.13,Europe,CRM_SYSTEM_NEW,2025-07-10 12:13:34
812,54,99,40,2024-12-18,536.85,3.56,North America,CRM_SYSTEM_NEW,2025-07-10 12:13:34
813,60,3,43,2024-12-08,215.05,3.51,Asia,CRM_SYSTEM_NEW,2025-07-10 12:13:34
814,62,13,19,2025-07-07,941.42,15.32,Asia,CRM_SYSTEM_NEW,2025-07-10 12:13:34
815,63,95,37,2024-11-16,895.01,6.87,Europe,CRM_SYSTEM_NEW,2025-07-10 12:13:34
816,64,82,20,2025-04-03,557.88,7.17,Europe,CRM_SYSTEM_NEW,2025-07-10 12:13:34
817,84,65,2,2024-12-20,593.73,,Europe,CRM_SYSTEM_NEW,2025-07-10 12:13:34
818,22,92,8,2024-10-12,635.74,6.07,Europe,CRM_SYSTEM_NEW,2025-07-10 12:13:34
819,72,78,8,2024-12-02,890.15,10.81,Europe,CRM_SYSTEM_NEW,2025-07-10 12:13:34
820,93,9,41,2025-05-03,918.74,0.36,Asia,CRM_SYSTEM_NEW,2025-07-10 12:13:34
821,69,80,11,2024-08-27,651.05,4.56,Europe,CRM_SYSTEM_NEW,2025-07-10 12:13:34
822,20,8,23,2025-02-06,208.43,,Asia,CRM_SYSTEM_NEW,2025-07-10 12:13:34
823,89,85,2,2025-03-02,705.17,,North America,CRM_SYSTEM_NEW,2025-07-10 12:13:34
824,14,62,29,2025-06-13,76.47,15.95,Asia,CRM_SYSTEM_NEW,2025-07-10 12:13:34
825,65,53,20,2025-01-31,505.46,,Asia,CRM_SYSTEM_NEW,2025-07-10 12:13:34
826,23,42,28,2025-06-29,713.16,17.98,Europe,CRM_SYSTEM_NEW,2025-07-10 12:13:34
827,1,17,38,2024-12-26,294.07,19.88,Asia,CRM_SYSTEM_NEW,2025-07-10 12:13:34
828,92,52,40,2025-05-04,409.1,15.65,Asia,CRM_SYSTEM_NEW,2025-07-10 12:13:34
829,40,10,8,2025-06-18,754.49,2.92,Asia,CRM_SYSTEM_NEW,2025-07-10 12:13:34
830,92,85,12,2025-05-15,324.96,9.13,North America,CRM_SYSTEM_NEW,2025-07-10 12:13:34
831,93,26,26,2024-12-11,173.17,5.44,North America,CRM_SYSTEM_NEW,2025-07-10 12:13:34
832,67,6,48,2024-12-16,53.77,,Asia,CRM_SYSTEM_NEW,2025-07-10 12:13:34
833,42,94,30,2025-02-10,382.58,19.14,North America,CRM_SYSTEM_NEW,2025-07-10 12:13:34
834,73,48,15,2024-11-25,58.14,1.53,Asia,CRM_SYSTEM_NEW,2025-07-10 12:13:34
835,87,90,17,2025-05-02,877.9,19.14,Asia,CRM_SYSTEM_NEW,2025-07-10 12:13:34
836,41,8,29,2024-07-29,84.45,5.73,Europe,CRM_SYSTEM_NEW,2025-07-10 12:13:34
837,90,93,32,2024-07-29,573.55,,Asia,CRM_SYSTEM_NEW,2025-07-10 12:13:34
838,85,50,18,2024-10-11,808.6,13.95,Europe,CRM_SYSTEM_NEW,2025-07-10 12:13:34
839,97,87,38,2025-03-13,549.84,2.31,Europe,CRM_SYSTEM_NEW,2025-07-10 12:13:34
840,76,62,24,2025-03-23,433.5,17.83,Asia,CRM_SYSTEM_NEW,2025-07-10 12:13:34
841,62,3,23,2024-09-28,197.1,0.1,North America,CRM_SYSTEM_NEW,2025-07-10 12:13:34
842,53,24,43,2025-05-19,454.37,10.52,Asia,CRM_SYSTEM_NEW,2025-07-10 12:13:34
843,97,59,7,2024-11-17,325.32,,North America,CRM_SYSTEM_NEW,2025-07-10 12:13:34
844,8,12,27,2024-07-26,751.12,11.38,Europe,CRM_SYSTEM_NEW,2025-07-10 12:13:34
845,38,90,38,2025-02-23,757.91,10.33,Asia,CRM_SYSTEM_NEW,2025-07-10 12:13:34
846,23,59,22,2024-09-07,202.78,18.83,North America,CRM_SYSTEM_NEW,2025-07-10 12:13:34
847,73,67,45,2025-02-05,769.81,,Europe,CRM_SYSTEM_NEW,2025-07-10 12:13:34
848,6,87,27,2024-09-14,255.29,8.93,Europe,CRM_SYSTEM_NEW,2025-07-10 12:13:34
849,12,59,28,2024-10-05,226.33,13.16,Asia,CRM_SYSTEM_NEW,2025-07-10 12:13:34
850,8,98,9,2025-02-21,955.38,15.2,Asia,CRM_SYSTEM_NEW,2025-07-10 12:13:34
851,74,60,6,2024-08-02,502.72,19.42,Asia,CRM_SYSTEM_NEW,2025-07-10 12:13:34
852,56,85,29,2024-08-08,202.98,16.91,Europe,CRM_SYSTEM_NEW,2025-07-10 12:13:34
853,6,95,26,2025-03-26,299.28,,Europe,CRM_SYSTEM_NEW,2025-07-10 12:13:34
854,57,95,47,2024-07-23,824.93,10.83,Asia,CRM_SYSTEM_NEW,2025-07-10 12:13:34
855,95,51,48,2025-01-29,467.59,15.36,Asia,CRM_SYSTEM_NEW,2025-07-10 12:13:34
856,92,21,27,2024-10-18,945.18,4.52,Europe,CRM_SYSTEM_NEW,2025-07-10 12:13:34
857,77,66,2,2025-02-07,605.62,14.34,Asia,CRM_SYSTEM_NEW,2025-07-10 12:13:34
858,28,86,18,2025-06-23,355.24,16.91,Europe,CRM_SYSTEM_NEW,2025-07-10 12:13:34
859,35,79,22,2025-02-08,636.02,,Europe,CRM_SYSTEM_NEW,2025-07-10 12:13:34
860,26,33,10,2024-12-25,657.97,11.53,North America,CRM_SYSTEM_NEW,2025-07-10 12:13:34
861,5,14,4,2024-11-04,506.84,11.86,North America,CRM_SYSTEM_NEW,2025-07-10 12:13:34
862,87,45,41,2025-06-14,910.43,,Europe,CRM_SYSTEM_NEW,2025-07-10 12:13:34
863,2,2,47,2024-10-11,958.27,13.03,Europe,CRM_SYSTEM_NEW,2025-07-10 12:13:34
864,81,73,18,2025-05-06,602.28,10.52,North America,CRM_SYSTEM_NEW,2025-07-10 12:13:34
865,82,92,28,2024-09-18,867.8,,Europe,CRM_SYSTEM_NEW,2025-07-10 12:13:34
866,30,86,23,2024-12-20,278.97,3.37,Europe,CRM_SYSTEM_NEW,2025-07-10 12:13:34
867,89,7,45,2024-07-15,973.28,14.98,North America,CRM_SYSTEM_NEW,2025-07-10 12:13:34
868,20,65,32,2025-01-25,994.51,5.72,North America,CRM_SYSTEM_NEW,2025-07-10 12:13:34
869,26,62,22,2025-02-19,401.73,3.84,North America,CRM_SYSTEM_NEW,2025-07-10 12:13:34
870,39,69,4,2025-05-12,943.83,16.79,Europe,CRM_SYSTEM_NEW,2025-07-10 12:13:34
871,20,20,27,2025-03-04,534.99,,North America,CRM_SYSTEM_NEW,2025-07-10 12:13:34
872,85,6,26,2024-09-10,436.78,16.01,North America,CRM_SYSTEM_NEW,2025-07-10 12:13:34
873,25,17,12,2024-09-24,725.16,6.83,Asia,CRM_SYSTEM_NEW,2025-07-10 12:13:34
874,6,71,15,2025-04-20,458.31,17.35,Europe,CRM_SYSTEM_NEW,2025-07-10 12:13:34
875,98,23,12,2024-12-30,207.44,0.47,Asia,CRM_SYSTEM_NEW,2025-07-10 12:13:34
876,11,58,24,2024-07-23,428.16,9.86,Asia,CRM_SYSTEM_NEW,2025-07-10 12:13:34
877,89,23,21,2024-08-23,35.35,17.41,Asia,CRM_SYSTEM_NEW,2025-07-10 12:13:34
878,40,47,7,2025-04-28,198.35,2.76,Europe,CRM_SYSTEM_NEW,2025-07-10 12:13:34
879,87,7,4,2025-02-06,598.23,,North America,CRM_SYSTEM_NEW,2025-07-10 12:13:34
880,88,64,13,2024-12-03,105.14,14.89,North America,CRM_SYSTEM_NEW,2025-07-10 12:13:34
881,76,87,34,2025-06-29,757.46,8.01,Asia,CRM_SYSTEM_NEW,2025-07-10 12:13:34
882,49,16,31,2025-01-03,184.47,1.42,Asia,CRM_SYSTEM_NEW,2025-07-10 12:13:34
883,20,70,1,2025-06-30,533.93,8.39,Europe,CRM_SYSTEM_NEW,2025-07-10 12:13:34
884,63,64,25,2024-07-13,678.65,17.06,Europe,CRM_SYSTEM_NEW,2025-07-10 12:13:34
885,7,30,6,2025-02-11,18.05,4.48,Europe,CRM_SYSTEM_NEW,2025-07-10 12:13:34
886,86,76,42,2024-08-23,231.81,,North America,CRM_SYSTEM_NEW,2025-07-10 12:13:34
887,55,73,31,2025-06-18,398.98,,Asia,CRM_SYSTEM_NEW,2025-07-10 12:13:34
888,74,67,7,2025-07-09,127.72,2.81,North America,CRM_SYSTEM_NEW,2025-07-10 12:13:34
889,35,25,17,2025-01-21,62.58,5.75,North America,CRM_SYSTEM_NEW,2025-07-10 12:13:34
890,55,37,43,2024-12-30,843.82,9.15,Europe,CRM_SYSTEM_NEW,2025-07-10 12:13:34
891,68,64,47,2025-06-11,290.46,15.49,North America,CRM_SYSTEM_NEW,2025-07-10 12:13:34
892,68,52,34,2024-08-25,447.54,,Asia,CRM_SYSTEM_NEW,2025-07-10 12:13:34
893,85,79,23,2025-03-13,131.06,14.78,North America,CRM_SYSTEM_NEW,2025-07-10 12:13:34
894,45,40,4,2024-12-08,260.92,9.62,Europe,CRM_SYSTEM_NEW,2025-07-10 12:13:34
895,86,20,7,2025-03-12,245.66,15.54,North America,CRM_SYSTEM_NEW,2025-07-10 12:13:34
896,94,95,21,2025-04-08,42.23,,North America,CRM_SYSTEM_NEW,2025-07-10 12:13:34
897,34,95,30,2024-07-29,299.18,,Europe,CRM_SYSTEM_NEW,2025-07-10 12:13:34
898,96,28,24,2024-12-26,667.94,11.42,North America,CRM_SYSTEM_NEW,2025-07-10 12:13:34
899,98,81,45,2024-07-30,707.29,2.98,Europe,CRM_SYSTEM_NEW,2025-07-10 12:13:34
900,43,36,43,2024-09-16,797.08,,Europe,CRM_SYSTEM_NEW,2025-07-10 12:13:34
901,75,31,26,2025-04-04,27.1,13.69,North America,CRM_SYSTEM_NEW,2025-07-10 12:13:34
902,23,32,8,2024-07-12,214.15,6.78,Europe,CRM_SYSTEM_NEW,2025-07-10 12:13:34
903,45,21,41,2024-11-19,736.46,14.58,North America,CRM_SYSTEM_NEW,2025-07-10 12:13:34
904,35,42,2,2024-07-17,589.95,12.36,North America,CRM_SYSTEM_NEW,2025-07-10 12:13:34
905,16,63,47,2025-04-10,445.92,,North America,CRM_SYSTEM_NEW,2025-07-10 12:13:34
906,77,61,44,2024-08-02,738.49,,Asia,CRM_SYSTEM_NEW,2025-07-10 12:13:34
907,55,65,2,2025-04-22,274.62,13.96,North America,CRM_SYSTEM_NEW,2025-07-10 12:13:34
908,50,18,42,2024-10-11,710.65,18.08,Europe,CRM_SYSTEM_NEW,2025-07-10 12:13:34
909,14,59,19,2025-05-31,882.32,7.74,Asia,CRM_SYSTEM_NEW,2025-07-10 12:13:34
910,1,10,2,2024-09-04,165.58,,Asia,CRM_SYSTEM_NEW,2025-07-10 12:13:34
911,60,14,17,2025-03-19,431.4,8.76,North America,CRM_SYSTEM_NEW,2025-07-10 12:13:34
912,59,56,12,2025-02-04,815.88,3.45,North America,CRM_SYSTEM_NEW,2025-07-10 12:13:34
913,78,70,32,2025-03-17,124.96,7.95,North America,CRM_SYSTEM_NEW,2025-07-10 12:13:34
914,82,95,24,2024-11-06,215.9,17.09,Europe,CRM_SYSTEM_NEW,2025-07-10 12:13:34
915,97,8,4,2025-06-21,323.22,,North America,CRM_SYSTEM_NEW,2025-07-10 12:13:34
916,98,56,35,2024-11-29,914.67,6.9,Asia,CRM_SYSTEM_NEW,2025-07-10 12:13:34
917,38,76,8,2025-01-31,451.17,7.82,Europe,CRM_SYSTEM_NEW,2025-07-10 12:13:34
918,44,8,32,2025-04-28,228.3,7.95,North America,CRM_SYSTEM_NEW,2025-07-10 12:13:34
919,78,21,22,2025-03-26,359.2,14.85,Asia,CRM_SYSTEM_NEW,2025-07-10 12:13:34
920,22,36,47,2024-10-31,204.52,6.43,Asia,CRM_SYSTEM_NEW,2025-07-10 12:13:34
921,59,26,26,2025-07-05,460.88,4.37,Europe,CRM_SYSTEM_NEW,2025-07-10 12:13:34
922,25,37,28,2025-05-30,392.5,7.5,Europe,CRM_SYSTEM_NEW,2025-07-10 12:13:34
923,63,87,5,2024-09-30,512.35,1.47,Europe,CRM_SYSTEM_NEW,2025-07-10 12:13:34
924,25,68,6,2024-08-20,796.76,0.05,Europe,CRM_SYSTEM_NEW,2025-07-10 12:13:34
925,55,41,18,2024-12-04,279.75,8.8,Asia,CRM_SYSTEM_NEW,2025-07-10 12:13:34
926,3,16,41,2024-12-03,34.47,2.58,North America,CRM_SYSTEM_NEW,2025-07-10 12:13:34
927,84,33,42,2025-05-20,77.93,8.12,Europe,CRM_SYSTEM_NEW,2025-07-10 12:13:34
928,5,91,12,2024-10-13,270.77,,North America,CRM_SYSTEM_NEW,2025-07-10 12:13:34
929,92,64,40,2024-08-13,171.52,4.17,Europe,CRM_SYSTEM_NEW,2025-07-10 12:13:34
930,14,80,27,2024-12-28,659.38,,North America,CRM_SYSTEM_NEW,2025-07-10 12:13:34
931,47,45,26,2025-02-28,360.62,10.78,Europe,CRM_SYSTEM_NEW,2025-07-10 12:13:34
932,5,13,44,2024-12-31,187.21,18.46,Asia,CRM_SYSTEM_NEW,2025-07-10 12:13:34
933,7,28,23,2025-05-05,324.6,12.78,North America,CRM_SYSTEM_NEW,2025-07-10 12:13:34
934,54,61,46,2024-10-18,854.38,11.72,Europe,CRM_SYSTEM_NEW,2025-07-10 12:13:34
935,62,75,21,2025-04-12,264.68,19.7,North America,CRM_SYSTEM_NEW,2025-07-10 12:13:34
936,61,69,6,2024-12-07,646.13,15.48,North America,CRM_SYSTEM_NEW,2025-07-10 12:13:34
937,16,62,28,2024-07-29,266.75,9.43,Europe,CRM_SYSTEM_NEW,2025-07-10 12:13:34
938,33,33,34,2024-07-30,424.17,1.24,North America,CRM_SYSTEM_NEW,2025-07-10 12:13:34
939,65,49,17,2025-04-06,605.13,3.53,North America,CRM_SYSTEM_NEW,2025-07-10 12:13:34
940,57,21,31,2024-11-19,684.84,19.9,Asia,CRM_SYSTEM_NEW,2025-07-10 12:13:34
941,42,7,26,2024-09-10,23.13,,North America,CRM_SYSTEM_NEW,2025-07-10 12:13:34
942,41,90,41,2024-07-22,12.0,9.42,Europe,CRM_SYSTEM_NEW,2025-07-10 12:13:34
943,46,40,6,2025-05-19,217.55,,North America,CRM_SYSTEM_NEW,2025-07-10 12:13:34
944,34,76,10,2024-09-04,968.89,8.7,Europe,CRM_SYSTEM_NEW,2025-07-10 12:13:34
945,71,15,6,2025-01-14,698.92,16.89,Asia,CRM_SYSTEM_NEW,2025-07-10 12:13:34
946,29,79,3,2025-04-20,59.86,7.66,Europe,CRM_SYSTEM_NEW,2025-07-10 12:13:34
947,40,76,42,2024-09-30,20.3,1.37,North America,CRM_SYSTEM_NEW,2025-07-10 12:13:34
948,26,90,9,2024-10-10,321.07,2.93,Europe,CRM_SYSTEM_NEW,2025-07-10 12:13:34
949,3,6,30,2025-01-01,270.28,13.44,Asia,CRM_SYSTEM_NEW,2025-07-10 12:13:34
950,78,97,45,2024-11-23,269.32,4.17,Asia,CRM_SYSTEM_NEW,2025-07-10 12:13:34
951,27,16,48,2025-06-18,280.51,19.04,Europe,CRM_SYSTEM_NEW,2025-07-10 12:13:34
952,53,21,49,2024-08-16,362.17,3.36,Asia,CRM_SYSTEM_NEW,2025-07-10 12:13:34
953,18,55,10,2024-07-26,439.34,14.5,Asia,CRM_SYSTEM_NEW,2025-07-10 12:13:34
954,94,17,27,2025-06-26,568.08,14.33,Europe,CRM_SYSTEM_NEW,2025-07-10 12:13:34
955,32,41,38,2025-04-19,305.3,10.58,Europe,CRM_SYSTEM_NEW,2025-07-10 12:13:34
956,45,43,43,2024-10-05,871.07,4.38,Asia,CRM_SYSTEM_NEW,2025-07-10 12:13:34
957,5,72,45,2025-06-28,887.13,14.26,North America,CRM_SYSTEM_NEW,2025-07-10 12:13:34
958,77,61,15,2025-01-20,941.72,16.97,Asia,CRM_SYSTEM_NEW,2025-07-10 12:13:34
959,32,19,44,2024-11-15,37.35,11.26,North America,CRM_SYSTEM_NEW,2025-07-10 12:13:34
960,69,91,17,2024-07-11,64.86,6.87,Europe,CRM_SYSTEM_NEW,2025-07-10 12:13:34
961,48,36,11,2025-06-28,339.88,,North America,CRM_SYSTEM_NEW,2025-07-10 12:13:34
962,47,6,21,2025-06-17,561.33,19.71,Europe,CRM_SYSTEM_NEW,2025-07-10 12:13:34
963,24,98,20,2025-04-19,578.42,19.11,North America,CRM_SYSTEM_NEW,2025-07-10 12:13:34
964,20,80,34,2025-01-13,305.98,18.17,Asia,CRM_SYSTEM_NEW,2025-07-10 12:13:34
965,81,9,4,2024-12-08,371.87,17.19,Europe,CRM_SYSTEM_NEW,2025-07-10 12:13:34
966,27,79,23,2025-04-17,984.28,,Europe,CRM_SYSTEM_NEW,2025-07-10 12:13:34
967,31,47,32,2024-12-21,710.74,7.95,North America,CRM_SYSTEM_NEW,2025-07-10 12:13:34
968,9,92,19,2024-08-02,960.03,4.63,North America,CRM_SYSTEM_NEW,2025-07-10 12:13:34
969,85,73,11,2024-10-16,694.0,9.6,Europe,CRM_SYSTEM_NEW,2025-07-10 12:13:34
970,85,30,24,2024-11-27,632.32,16.2,Asia,CRM_SYSTEM_NEW,2025-07-10 12:13:34
971,3,47,45,2024-12-10,547.33,4.15,Europe,CRM_SYSTEM_NEW,2025-07-10 12:13:34
972,16,10,17,2025-02-23,886.01,17.66,Europe,CRM_SYSTEM_NEW,2025-07-10 12:13:34
973,55,64,4,2024-07-11,150.97,,North America,CRM_SYSTEM_NEW,2025-07-10 12:13:34
974,44,17,12,2024-12-31,829.78,3.06,North America,CRM_SYSTEM_NEW,2025-07-10 12:13:34
975,96,94,30,2024-11-01,367.68,,North America,CRM_SYSTEM_NEW,2025-07-10 12:13:34
976,54,63,19,2025-04-19,729.01,16.71,Asia,CRM_SYSTEM_NEW,2025-07-10 12:13:34
977,89,4,21,2024-08-13,143.68,11.88,North America,CRM_SYSTEM_NEW,2025-07-10 12:13:34
978,67,72,40,2025-03-10,768.84,19.79,Europe,CRM_SYSTEM_NEW,2025-07-10 12:13:34
979,21,81,33,2025-01-16,558.4,3.89,Asia,CRM_SYSTEM_NEW,2025-07-10 12:13:34
980,20,68,48,2024-09-27,96.85,18.02,North America,CRM_SYSTEM_NEW,2025-07-10 12:13:34
981,55,84,8,2025-06-04,476.67,17.98,Asia,CRM_SYSTEM_NEW,2025-07-10 12:13:34
982,54,3,37,2025-06-30,720.13,13.84,Europe,CRM_SYSTEM_NEW,2025-07-10 12:13:34
983,56,13,4,2024-09-26,910.24,8.86,North America,CRM_SYSTEM_NEW,2025-07-10 12:13:34
984,8,39,36,2024-09-11,638.72,19.51,Europe,CRM_SYSTEM_NEW,2025-07-10 12:13:34
985,29,39,39,2024-07-31,839.22,3.99,Europe,CRM_SYSTEM_NEW,2025-07-10 12:13:34
986,93,16,9,2025-06-26,150.85,,Asia,CRM_SYSTEM_NEW,2025-07-10 12:13:34
987,81,1,49,2025-01-21,647.22,11.36,Europe,CRM_SYSTEM_NEW,2025-07-10 12:13:34
988,31,76,9,2024-07-27,22.26,17.48,Asia,CRM_SYSTEM_NEW,2025-07-10 12:13:34
989,91,69,46,2025-06-03,642.07,2.05,Asia,CRM_SYSTEM_NEW,2025-07-10 12:13:34
990,15,52,45,2025-04-29,571.5,15.21,North America,CRM_SYSTEM_NEW,2025-07-10 12:13:34
991,60,89,5,2025-02-14,458.04,3.16,Asia,CRM_SYSTEM_NEW,2025-07-10 12:13:34
992,61,56,30,2024-12-09,130.09,18.48,North America,CRM_SYSTEM_NEW,2025-07-10 12:13:34
993,49,7,5,2024-09-17,152.62,18.57,Europe,CRM_SYSTEM_NEW,2025-07-10 12:13:34
994,50,21,19,2024-08-09,672.78,19.81,Asia,CRM_SYSTEM_NEW,2025-07-10 12:13:34
995,52,80,11,2025-02-03,171.25,15.33,North America,CRM_SYSTEM_NEW,2025-07-10 12:13:34
996,83,45,32,2025-02-17,765.9,12.94,Asia,CRM_SYSTEM_NEW,2025-07-10 12:13:34
997,10,11,16,2024-07-21,954.24,,Asia,CRM_SYSTEM_NEW,2025-07-10 12:13:34
998,70,22,26,2025-01-05,210.05,1.89,Asia,CRM_SYSTEM_NEW,2025-07-10 12:13:34
999,76,25,49,2024-11-09,609.53,5.77,Europe,CRM_SYSTEM_NEW,2025-07-10 12:13:34
1000,44,38,9,2025-01-26,790.47,12.79,Asia,CRM_SYSTEM_NEW,2025-07-10 12:13:34
